no,classification,foodname,serving,kcal,car,pro,fat,sugars,salt,cholesterol,sfacid,tfacid
1,곡류 및 그 제품,고량미,100,349,67.8,10.1,3.7,0,0,0,0,0
2,곡류 및 그 제품,유아용과자,30,129.9,20.13,3.54,3.96,0,57.6,0,0,0
3,곡류 및 그 제품,귀리 오트밀 ,100,348,64.9,13.2,8.2,0,4,0,0,0
4,곡류 및 그 제품,귀리(겉귀리),100,332,73.5,11.4,3.7,0,2,0,0,0
5,곡류 및 그 제품,귀리(쌀귀리),100,334,70.4,14.3,3.8,0,3,0,0,0
6,곡류 및 그 제품,기장,100,360,74.6,11.2,1.9,0,6,0,0,0
7,곡류 및 그 제품,냄비우동,100,206,43.9,6,0.7,0,0,0,0,0
8,곡류 및 그 제품,녹두국수 ,100,356,87.5,0.2,0.4,0,14,0,0,0
9,곡류 및 그 제품,엿강정 ,30,135.3,11.73,11.31,4.8,0,1.5,0,0,0
10,곡류 및 그 제품,도토리 국수,100,307,72.2,12.4,0.7,0,517,0,0,0
11,곡류 및 그 제품,들깨 엿강정 ,30,161.4,14.67,3.96,9.66,0,1.2,0,0,0
12,곡류 및 그 제품,땅콩 엿강정 ,30,173.4,10.17,6.42,11.88,0,0.9,0,0,0
13,곡류 및 그 제품,라면,100,101,18.5,2.2,2,0,388,0,0,0
14,곡류 및 그 제품,진라면 매운맛,100,369,78.69,8.59,2.22,0,1338,0,1.44,0
15,곡류 및 그 제품,고기만두,100,208,27.79,9.38,6.58,0.49,261,7.35,2.41,0
16,곡류 및 그 제품,김치만두,100,187,23.82,8.13,6.59,0.67,423,7.68,2.37,0
17,곡류 및 그 제품,건조 메밀국수,100,108,22.65,4.28,0.4,0,35,0,0.12,0
18,곡류 및 그 제품,메밀국수,100,117,25.73,3.54,0.44,0,38,0,0.13,0
19,곡류 및 그 제품,메밀냉면 인스턴트,100,339,73.66,10.74,1.44,0,628,0,0.34,0
20,곡류 및 그 제품,메밀,100,345,67.84,13.64,3.38,0.5,1,0,0.71,0
21,곡류 및 그 제품,쌀과자 ,100,469,78.2,3.2,15.9,0,224,0,0,0
22,곡류 및 그 제품,쌀엿강정 ,100,395,89.96,4.11,2.13,35.58,4,0,1.12,0
23,곡류 및 그 제품,튀김쌀과자 ,30,139.5,21.36,1.71,5.25,0,147,0,0,0
24,곡류 및 그 제품,튀밥 ,100,393,80.7,8.7,3.9,0,74,0,0,0
25,곡류 및 그 제품,가래떡 ,100,213,48.8,3.71,0.37,0.09,261,0,0.16,0
26,곡류 및 그 제품,흑미가래떡 ,100,205,47.8,3.5,0,0,226,0,0,0
27,곡류 및 그 제품,개피떡 ,100,207,45.6,4.3,0.8,0,155,0,0,0
28,곡류 및 그 제품,쑥개피떡 ,100,206,45.2,4.5,0.8,0,157,0,0,0
29,곡류 및 그 제품,꿀떡 ,100,210,46.14,3.09,1.46,7.39,248,0,0.28,0
30,곡류 및 그 제품,무지개떡 ,100,229,53,3.5,0.3,0,277,0,0,0
31,곡류 및 그 제품,백설기 ,100,228,52.5,3.6,0.4,0,289,0,0,0
32,곡류 및 그 제품,검정콩 ,100,200,41.2,6.9,0.8,0,463,0,0,0
33,곡류 및 그 제품,깨 송편,100,224,44.01,5.9,2.74,6.44,173,0,0.52,0
34,곡류 및 그 제품,팥 송편 ,100,200,43.6,5.4,0.4,0,466,0,0,0
35,곡류 및 그 제품,시루떡 ,100,183,38.94,5.83,0.41,0.94,233,0,0.16,0
36,곡류 및 그 제품,쑥설기 ,100,242,55.6,4.3,0.3,0,33,0,0,0
37,곡류 및 그 제품,절편 ,100,215,49.04,3.69,0.49,0.1,220,0,0.19,0
38,곡류 및 그 제품,증편 ,100,198,45.23,2.99,0.57,8.95,289,0,0.15,0
39,곡류 및 그 제품,쌀국수,100,340,72.6,9.1,1.5,0,1964,0,0,0
40,곡류 및 그 제품,누룽지,100,374,86.8,6.8,0.2,0,6,0,0,0
41,곡류 및 그 제품,미음 ,100,21,4.7,0.3,0,0,0,0,0,0
42,곡류 및 그 제품,밥 ,100,145,33.2,3,0.1,0,3,0,0,0
43,곡류 및 그 제품,죽 ,100,68,15.6,1.4,0,0,3,0,0,0
44,곡류 및 그 제품,찐 쌀,100,354,83.7,5.2,0.1,0,29,0,0,0
45,곡류 및 그 제품,현미 미음 ,100,20,4.4,0.4,0.1,0.1,0,0,-0.02,0
46,곡류 및 그 제품,현미 밥 ,100,145,37.3,3.3,0.2,0,2,0,0,0
47,곡류 및 그 제품,현미 죽 ,100,70,15.2,1.2,0.4,0.4,1,0,-0.09,0
48,곡류 및 그 제품,배아미,100,357,75.8,6.5,2,0.6,1,0,0.55,0
49,곡류 및 그 제품,백미,100,345,79.5,6.4,0.4,0,8,0,0,0
50,곡류 및 그 제품,"멥쌀, 현미, 흑미",100,375,74.9,8.8,3.1,0,5,0,0.84,0
51,곡류 및 그 제품,건빵 ,100,419,75.37,9.92,8.67,16.84,457,0,3.68,0
52,곡류 및 그 제품,밤 만주 ,100,330,70.86,6.35,2.39,42.45,158,0,0.86,0
53,곡류 및 그 제품,모나카 ,100,346,82.62,3.35,0.29,36.58,64,0,0.08,0
54,곡류 및 그 제품,비스킷 소프트(설탕 21g) ,100,489,60.34,5.7,24.93,23.46,227,31.02,11.98,0
55,곡류 및 그 제품,비스킷 하드(설탕 17g) ,100,534,62.63,6.68,28.58,9.21,481,1.59,13.97,0
56,곡류 및 그 제품,사과파이,100,471,64.98,5.5,21,22.83,207,0,11.38,0
57,곡류 및 그 제품,센베이 ,100,398,84,7.5,3.5,48.1,130,110,-0.92,0
58,곡류 및 그 제품,김 센베이  ,100,420,82.8,6.7,6.9,0,150,0,0,0
59,곡류 및 그 제품,감자 스넥 ,100,536,60.92,4.95,30.33,0,342,0,8.17,0
60,곡류 및 그 제품,새우 스넥,100,494,66.32,6.04,22.77,4,577,0,6.77,0
61,곡류 및 그 제품,옥수수 스넥 ,100,520,65.73,5.25,26.27,2.01,420,0,7.64,0
62,곡류 및 그 제품,약과 ,100,422,71.7,3.8,13.3,0,34,0,0,0
63,곡류 및 그 제품,와플,100,291,32.9,7.9,14.1,0,511,69,2.87,0
64,곡류 및 그 제품,잼 와플,100,287,57.3,4.8,4.2,36.4,51,59,-1.55,0
65,곡류 및 그 제품,커스터드크림 와플,100,252,38.1,7.3,7.9,15.1,65,170,-2.63,0
66,곡류 및 그 제품,바닐라 웨하스,100,521,65.6,4.1,26.9,0,131,0,0,0
67,곡류 및 그 제품,초코볼 ,100,501,70.2,4.3,22.5,0,54,0,0,0
68,곡류 및 그 제품,초코파이 ,100,428,67.59,4.29,15.57,31.18,224,0,9.51,0
69,곡류 및 그 제품,땅콩버터 쿠키,100,493,67.97,8.36,20.87,22.42,346,6.84,9.97,0
70,곡류 및 그 제품,버터  쿠키,100,512,66.47,6.37,24.52,16.45,226,25.86,13.4,0
71,곡류 및 그 제품,초코칩 쿠키  ,100,494,71.38,5.92,20.55,23.18,312,13.38,11.21,0
72,곡류 및 그 제품,크랙커 ,100,513,58.8,7,27.8,0,634,0,0,0
73,곡류 및 그 제품,땅콩샌드 크랙커,100,524,64.23,7.66,26.24,14.64,195,0,12.99,0
74,곡류 및 그 제품,치즈샌드 크랙커,100,497,68.24,6.08,22.23,14.69,539,0,13.24,0
75,곡류 및 그 제품,피칸파이 ,100,360,43.2,8,17.2,0,90,0,0,0
76,곡류 및 그 제품,국수,100,126,24.87,3.49,0.41,0,115,0,0.12,0
77,곡류 및 그 제품,마카로니,100,129,25.8,3.8,0.2,0,5,0,0,0
78,곡류 및 그 제품,소면,100,128,25.31,3.55,0.48,0,68,0,0.14,0
79,곡류 및 그 제품,스파게티,100,132,26.9,3.8,0,0,7,0,0,0
80,곡류 및 그 제품,우동,100,142,29.12,2.95,0.46,0,78,0,0.13,0
81,곡류 및 그 제품,건면 중국국수,100,148,28.6,5.2,0.6,0.1,200,0,-0.14,0
82,곡류 및 그 제품,생면 중국국수,100,149,29.2,4.9,0.6,0.1,70,0,-0.14,0
83,곡류 및 그 제품,건포도빵,100,269,51.1,8.2,3.5,0,400,0,-1.57,0
84,곡류 및 그 제품,곰보빵 ,100,415,61.44,9.5,14.54,17.01,307,28.75,6.08,0
85,곡류 및 그 제품,꽈배기 ,100,404,47.2,7.9,20.4,0,431,0,0,0
86,곡류 및 그 제품,도우넛,100,426,40.6,7.3,26,0,360,0,0,0
87,곡류 및 그 제품,도우넛 케이크 ,70,262.5,42.21,4.9,8.26,0,112,14,0,0
88,곡류 및 그 제품,팥 도우넛  ,100,347,45.7,6.6,15.3,0,188,0,0,0
89,곡류 및 그 제품,소프트롤 ,100,316,48.6,10.1,9,6.4,490,0,4.02,0
90,곡류 및 그 제품,하드롤 ,100,293,52.7,9.9,4.3,1.77,544,0,0.61,0
91,곡류 및 그 제품,마늘빵 ,100,424,57.5,9.8,17.2,0,558,0,0,0
92,곡류 및 그 제품,머핀,100,296,41.4,6.9,11.4,0,467,39,2.16,0
93,곡류 및 그 제품,잉글리쉬머핀 ,100,235,46,7.7,1.8,0,464,0,0.26,0
94,곡류 및 그 제품,모닝빵 ,100,316,58.99,9.06,4.91,11.33,260,8.77,2.33,0
95,곡류 및 그 제품,모카빵 ,100,354,63.29,8.31,7.53,15.43,316,33.99,3.63,0
96,곡류 및 그 제품,바게트빵 ,100,279,57.5,9.4,1.3,1.8,620,0,-0.29,0
97,곡류 및 그 제품,베이글,100,278,53,10.6,2.1,0,505,24,0.42,0
98,곡류 및 그 제품,식빵 ,100,279,49.68,9.01,4.91,4.12,516,0,2.87,0
99,곡류 및 그 제품,옥수수식빵  ,100,270,50.45,9.44,3.42,5.32,524,0,1.56,0
100,곡류 및 그 제품,우유식빵,100,285,48.7,9.1,6,0,434,0,0,0
101,곡류 및 그 제품,토스트 ,100,266,49.37,9.35,3.5,4.15,456,0,1.49,0
102,곡류 및 그 제품,옥수수빵 ,100,321,49.1,7.4,10.2,0,795,62,2.8,0
103,곡류 및 그 제품,잼빵 ,100,297,54.5,6.6,5.8,35.4,310,0,-2.58,0
104,곡류 및 그 제품,단호박찐빵,100,239,52.4,5.4,0.9,0,280,0,0,0
105,곡류 및 그 제품,채소찐빵,100,231,37.3,8.1,5.5,0,409,0,0,0
106,곡류 및 그 제품,팥찐빵 ,100,213,44.36,5.96,1.29,10.42,158,0,0.58,0
107,곡류 및 그 제품,카스텔라 ,100,299,59.46,6.91,3.72,24.85,81,138.68,1.27,0
108,곡류 및 그 제품,감 카스텔라,70,238,36.96,4.83,7.84,0,11.2,0,0,0
109,곡류 및 그 제품,과일(후르츠) 케이크 ,100,324,61.6,2.9,9.1,27.42,101,5,1.05,0
110,곡류 및 그 제품,롤 케이크 ,100,369,39.24,7.51,20.22,17.41,162,131.05,7.72,0
111,곡류 및 그 제품,배 케이크  ,100,296,43.5,6.2,10.8,0,277,0,0,0
112,곡류 및 그 제품,블루베리 생크림 케이크,100,280,24.39,3.03,18.88,22.87,67,68.1,11.44,0
113,곡류 및 그 제품,쇼튼드 케이크 ,100,327,43.6,7.1,13.8,24.8,79,140,-5.26,0
114,곡류 및 그 제품,스펀지 케이크,100,352,47.2,6.6,15.2,0,172,0,0,0
115,곡류 및 그 제품,엔젤푸드 케이크 ,100,258,57.8,5.9,0.8,0,749,0,0,0
116,곡류 및 그 제품,초콜렛 케이크,100,417,49.31,5.23,22.09,38.19,146,44.44,15.18,0
117,곡류 및 그 제품,치즈 케이크,100,331,28.82,5.87,21.32,17.61,240,156.65,12.33,0
118,곡류 및 그 제품,컵 케이크 ,70,213.5,47.04,3.01,2.59,0,289.1,0,0,0
119,곡류 및 그 제품,파운드 케이크,100,408,49.65,5.66,20.71,17.43,207,89.32,10.73,0
120,곡류 및 그 제품,크로아상 ,100,448,43.9,7.9,26.8,0,470,0,-12.16,0
121,곡류 및 그 제품,버터 크로아상,100,406,45.8,8.2,21,11.26,467,67,11.66,0
122,곡류 및 그 제품,크로켓 ,100,307,29.7,6,18.2,0,346,0,0,0
123,곡류 및 그 제품,채소 크로켓,100,301,31.2,7.1,16.4,0,403,0,0,0
124,곡류 및 그 제품,크림빵 ,100,275,45.5,6,7.7,0,160,0,0,0
125,곡류 및 그 제품,버터 크림빵  ,100,383,46.2,8.2,18.4,0,319,0,0,0
126,곡류 및 그 제품,팥빵 ,100,253,48.51,7.57,3.17,16.37,180,19.01,1.69,0
127,곡류 및 그 제품,패이스트리 ,100,457,46.5,8.6,26.3,0,423,0,0,0
128,곡류 및 그 제품,과일(후르츠) 패이스트리 ,100,371,47.8,5.4,18.5,27.53,445,114,4.86,0
129,곡류 및 그 제품,치즈 패이스트리  ,100,374,37.2,8,21.9,6.95,417,23,6.79,0
130,곡류 및 그 제품,팬케이크 ,100,227,28.3,6.4,9.7,0,439,59,2.12,0
131,곡류 및 그 제품,볶은 보리 ,100,335,74.1,12.7,2.6,0,0,0,0,0
132,곡류 및 그 제품,보리밥,210,294,67.41,6.09,0.63,0,0,0,0,0
133,곡류 및 그 제품,새우볶음밥,100,175,28.2,4.5,4.9,0,349,0,0,0
134,곡류 및 그 제품,햄볶음밥,210,518.7,0,7.14,39.69,0,0,0,0,0
135,곡류 및 그 제품,슈크림 빵,70,170.8,18.48,4.27,2.38,0,114.8,0,0,0
136,곡류 및 그 제품,야채호빵 ,70,175.7,30.52,6.44,3.08,0,252,0,0,0
137,곡류 및 그 제품,달걀 치즈 샌드위치,150,349.5,26.7,16.05,19.95,0,826.5,0,0,0
138,곡류 및 그 제품,닭고기 샌드위치,100,250,20.81,16.28,11.19,3.64,753,35,2.12,0
139,곡류 및 그 제품,참치 샌드위치,100,257,26.69,10.29,12.45,3.53,602,35,1.95,0
140,곡류 및 그 제품,소고기 샌드위치,100,244,22.21,15.17,10.3,3.84,653,30,3.4,0
141,곡류 및 그 제품,햄 치즈 샌드위치,100,218,24.8,7.4,9.9,0,451,0,0,0
142,곡류 및 그 제품,샌드위치,150,181.5,1.8,12.75,3,0,817.5,0,0,0
143,곡류 및 그 제품,수수경단 ,100,218,43.1,8.2,1.4,0,238,0,0,0
144,곡류 및 그 제품,양파 스프,100,12,2.77,0.32,0.01,0.2,346,0,0,0
145,곡류 및 그 제품,콘소메 스프 ,100,11,0.32,2.52,0,0,0,0,0,0
146,곡류 및 그 제품,감자 스프,100,380,73,6,7,0,2550,0,0,0
147,곡류 및 그 제품,쇠고기야채스프,100,355,61,7,9,0,2900,0,0,0
148,곡류 및 그 제품,야채스프,100,350,61,6,9,0,2900,0,0,0
149,곡류 및 그 제품,양송이스프,100,360,59,6,11,0,2500,0,0,0
150,곡류 및 그 제품,옥수수스프,100,360,63,5,10,0,2600,0,0,0
151,곡류 및 그 제품,크림스프,100,355,64,5,9,0,2300,0,0,0
152,곡류 및 그 제품,호박스프,100,395,74,5,9,0,2750,0,0,0
153,곡류 및 그 제품,시리얼 ,30,116.1,26.1,1.71,0.54,0,197.7,0,0,0
154,곡류 및 그 제품,과즙 시리얼,30,116.4,26.73,1.59,0.33,0,119.1,0,0,0
155,곡류 및 그 제품,벌꿀 시리얼,30,115.8,27.48,1.35,0.06,0,86.7,0,0,0
156,곡류 및 그 제품,쌀 시리얼 ,100,390,86.99,6.65,1.68,21.72,625,0,0.44,0
157,곡류 및 그 제품,아몬드 시리얼,100,426,78.18,7.3,9.29,34.79,379,0,3.39,0
158,곡류 및 그 제품,코코넛 시리얼,30,114.6,26.64,1.65,0.15,0,155.1,0,0,0
159,곡류 및 그 제품,현미 시리얼,100,394,85.33,6.8,2.79,17.24,551,0,0.73,0
160,곡류 및 그 제품,라이스크리스피 시리얼,30,111,25.98,2.04,0.18,0,297.6,0,0,0
161,곡류 및 그 제품,코코넛첵스 시리얼,30,113.3,26.64,1.65,0.15,0,155.1,0,0,0
162,곡류 및 그 제품,코코링 시리얼,100,407,85.78,6.08,4.34,40.91,232,0,3.08,0
163,곡류 및 그 제품,코코팝스 시리얼,100,407,85.78,6.08,4.34,40.91,232,0,3.08,0
164,곡류 및 그 제품,콘첵스 시리얼,100,378,88.05,5.11,0.59,39.55,434,0,0.17,0
165,곡류 및 그 제품,하니팝스 시리얼,30,114.9,27.48,1.35,0.06,0,86.7,0,0,0
166,곡류 및 그 제품,후르트링 시리얼,30,114.6,26.73,1.59,0.33,0,119.1,0,0,0
167,곡류 및 그 제품,아몬드푸레이크 시리얼,100,426,78.18,7.3,9.29,34.79,379,0,3.39,0
168,곡류 및 그 제품,현미푸레이크 시리얼 ,100,394,85.33,6.8,2.79,17.24,551,0,0.73,0
169,곡류 및 그 제품,콘푸로스트 시리얼 ,100,378,88.05,5.11,0.59,39.55,434,0,0.17,0
170,곡류 및 그 제품,콘칩 ,100,538,56.9,6.17,33.36,0.27,514,0,4.33,0
171,곡류 및 그 제품,팝콘 ,100,536,57.6,7.6,30.6,0,784,0,0,0
172,곡류 및 그 제품,콘샐러드 ,100,104,22.4,3.2,0.2,0,330,0,0,0
173,곡류 및 그 제품,옥수수묵 ,100,55,12.6,1.1,0,0,28,0,0,0
174,곡류 및 그 제품,옥수수 통조림(가당) ,100,91,18.3,2.3,1,0,244,0,0,0
175,곡류 및 그 제품,옥수수 통조림(홀커넬) ,100,82,17.8,2.3,0.5,7.3,210,0,-0.06,0
176,곡류 및 그 제품,찰옥수수,100,108,25.4,6.6,1.4,0,1,0,0,0
177,곡류 및 그 제품,옥수수죽,100,86,8.6,2,4.8,0,280,0,0,0
178,곡류 및 그 제품,우동,200,168,34.8,4.8,0.4,0,1470,0,0,0
179,곡류 및 그 제품,울면,200,860,118.6,26.4,31,0,1604,0,0,0
180,곡류 및 그 제품,율무 죽 ,100,42,9.5,0.5,0.4,0,0,0,0,0
181,곡류 및 그 제품,이유식,40,170.4,26.28,6.16,4.64,0,0,0,0,0
182,곡류 및 그 제품,잣 죽 ,100,28,5,0.7,0.9,0,126,0,0,0
183,곡류 및 그 제품,참치죽 ,350,161,29.4,9.8,0.35,0,0,0,0,0
184,곡류 및 그 제품,팥죽,100,117,24.4,3.9,0.4,0,132,0,0,0
185,곡류 및 그 제품,호박죽,350,220.5,2.1,3.85,1.4,0,763,0,0,0
186,곡류 및 그 제품,백미 즉석밥,100,144,33.59,2.11,0.28,1.04,1,0,0.11,0
187,곡류 및 그 제품,오곡 즉석밥,100,150,33.76,2.83,0.38,0.03,159,0,0.13,0
188,곡류 및 그 제품,참깨 엿강정 ,100,538,45.4,15,32.9,0,81,0,0,0
189,곡류 및 그 제품,참깨 죽 ,100,35,5.9,1,1.2,0,120,0,0,0
190,곡류 및 그 제품,검정깨 찹쌀 과자 ,100,475,48.3,13.8,25.2,0,17,0,0,0
191,곡류 및 그 제품,송화 ,100,343,76.1,4.4,2.3,0,29,0,0,0
192,곡류 및 그 제품,산자 ,100,417,75.6,2,11.8,0,28,0,0,0
193,곡류 및 그 제품,유과 ,100,411,77.49,1.96,10.37,14.72,18,0,1.72,0
194,곡류 및 그 제품,전병 ,100,446,79.6,7.8,10.7,0,144,0,0,0
195,곡류 및 그 제품,경단,100,237,51.1,4.1,1.8,0,185,0,0,0
196,곡류 및 그 제품,모듬찰떡 ,100,223,47.4,5.7,1.2,0,237,0,0,0
197,곡류 및 그 제품,약식 ,100,244,52.3,3.7,2.2,0,289,0,0,0
198,곡류 및 그 제품,인절미,100,231,49.69,5.52,1.15,2.81,337,0,0.23,0
199,곡류 및 그 제품,팥 인절미,100,202,44.8,4.2,0.9,0,269,0,0,0
200,곡류 및 그 제품,찰시루떡 ,100,181,37.63,6.63,0.41,1.22,182,0,0.13,0
201,곡류 및 그 제품,찹쌀떡 ,100,246,52.65,4.81,1.75,6.47,262,0,0.21,0
202,곡류 및 그 제품,찹쌀도우넛 ,100,296,57.1,5,5.3,0,347,0,0,0
203,곡류 및 그 제품,칼국수,100,330,74.5,9.6,0.5,0,0,0,0,0
204,곡류 및 그 제품,달걀 커스타드 ,100,105,10.7,5,4.6,0,61,0,0,0
205,곡류 및 그 제품,당근케이크,70,290.5,55.44,3.57,6.86,0,396.9,0,0,0
206,곡류 및 그 제품,콩소메,100,137,16.3,17.2,0.1,0,26200,0,0,0
207,곡류 및 그 제품,감자 크로켓 ,100,164,25.3,4.6,4.9,0,290,2,0.94,0
208,곡류 및 그 제품,채소 크로켓 ,100,264,34,3,12.9,0,477,0,0,0
209,곡류 및 그 제품,크림 크로켓,100,159,20.9,4.7,6.3,0,270,0,0,0
210,곡류 및 그 제품,커스터드 푸딩,100,126,14.7,5.5,5,13.6,67,140,1.92,0
211,곡류 및 그 제품,슈퍼슈프림 피자 ,100,233,30.4,11.3,7.3,0,583,0,0,0
212,곡류 및 그 제품,페퍼로니 피자  ,150,444,42.75,16.8,22.8,0,927,0,0,0
213,곡류 및 그 제품,디럭스 피자,150,346.5,29.85,15,18.6,0,687,0,0,0
214,곡류 및 그 제품,버섯 피자,150,348,35.4,16.35,15.6,0,816,0,0,0
215,곡류 및 그 제품,슈프림 피자,100,233,30.4,11.3,7.3,0,583,0,0,0
216,곡류 및 그 제품,스페셜디럭스 피자,150,391.5,37.2,13.95,20.7,0,819,0,0,0
217,곡류 및 그 제품,콤비네이션 피자,150,372,39.15,12.75,18.3,0,939,0,0,0
218,곡류 및 그 제품,핫도그,100,267,34.97,8.09,10.55,7.02,454,36.77,4.46,0
219,곡류 및 그 제품,햄버거,100,271,35.76,11.94,8.94,6.59,594,14.77,4.21,0
220,곡류 및 그 제품,치즈버거 ,150,454.5,44.85,22.65,20.85,0,883.5,0,0,0
221,곡류 및 그 제품,호밀빵 ,100,264,52.7,8.4,2.2,0,470,0,-0.9,0
222,감자 및 전분류,구운 감자칩,100,469,71.4,5,18.2,5.01,554,0,2.63,0
223,감자 및 전분류,튀긴 감자칩,100,565,52.5,5.5,37,0,259,0,0,0
224,감자 및 전분류,감자샐러드 ,100,143,11.17,2.68,8.2,0,529,68,1.43,0
225,감자 및 전분류,감자튀김,100,293,44.16,3.54,11.3,0.19,258,0,2.52,0
226,감자 및 전분류,해쉬브라운,100,219,28.51,2.65,11.59,0.27,15,0,0.93,0
227,감자 및 전분류,구운 감자 ,100,64,19.38,2.3,0.08,0,0,0,0.03,0
228,감자 및 전분류,삶은 감자,100,57,17.43,1.99,0.04,0,1,0,0.02,0
229,감자 및 전분류,찐 감자,100,56,17.28,1.94,0.05,0,0,0,0.02,0
230,감자 및 전분류,으깬 감자,100,83,17.57,1.91,0.57,1.48,302,2,0.3,0
231,감자 및 전분류,당조림  고구마 ,130,185.9,36.27,1.17,4.29,0,91,0,0,0
232,감자 및 전분류,당면,100,85,30.38,0.03,0.04,0,3,0,0.02,0
233,감자 및 전분류,구운 고구마,130,161.2,38.09,1.95,0.26,0,19.5,0,0,0
234,감자 및 전분류,마른 고구마 ,100,221,75.7,2.3,0.1,0,0,0,0,0
235,감자 및 전분류,생 고구마,75,98.25,23.4,1.05,0.15,0,11.25,0,0,0
236,감자 및 전분류,찐 고구마,100,93,31.3,1.5,0,0,2,0,0,0
237,감자 및 전분류,곤약 면,100,6,3,0.2,0,0,10,0,0,0
238,감자 및 전분류,판형 곤약,100,6,3.06,0.12,0.01,0,2,0,0.01,0
239,감자 및 전분류,삶은 마,100,37,10.51,1.47,0.25,2.47,1,0,0.02,0
240,감자 및 전분류,천마,100,58,19.3,1.1,0,0,7,0,0,0
241,감자 및 전분류,삶은 토란,100,56,16.28,2.17,0.18,0.46,2,0,0.05,0
242,당류 및 그 제품,감조청 ,100,201,47,3,0.1,0,12,0,0,0
243,당류 및 그 제품,풍선껌 ,100,387,96.7,0,0,0,3,0,0,0
244,당류 및 그 제품,꿀 ,100,294,79.7,0.2,0,72.6,6,0,0,0
245,당류 및 그 제품,들깨꿀 ,100,317,79,0.4,0,0,9,0,0,0
246,당류 및 그 제품,밤꿀 ,100,341,84.91,0.45,0.02,67.36,1,0,0.02,0
247,당류 및 그 제품,싸리꿀 ,100,343,85.4,0.3,0,0,0,0,0,0
248,당류 및 그 제품,아카시아꿀 ,100,346,86.49,0.12,0,74.68,0,0,0,0
249,당류 및 그 제품,잡화꿀 ,100,345,86.05,0.26,0.02,75.96,1,0,0.01,0
250,당류 및 그 제품,토종꿀 ,100,340,84.73,0.38,0.02,67.18,1,0,0.01,0
251,당류 및 그 제품,로얄제리 ,100,143,26.1,10.4,0.7,0,4,0,0,0
252,당류 및 그 제품,물엿 ,100,332,83.03,0.02,0,22.06,0,0,0,0
253,당류 및 그 제품,사탕 드롭스,100,391,97.57,0.31,0.55,42.77,44,0,0.24,0
254,당류 및 그 제품,마쉬멜로  ,100,326,79.3,2.2,0,61.2,7,0,0,0
255,당류 및 그 제품,박하사탕 ,100,394,98.59,0.02,0.02,41.67,0,0,0,0
256,당류 및 그 제품,버터스카치  ,100,363,90.62,0.22,8.22,34.27,125,0,6.75,0
257,당류 및 그 제품,알사탕 ,10,39.4,9.8,0,0.02,0,3.8,0,0,0
258,당류 및 그 제품,사탕,10,37.4,9.32,0.02,0,0,0.5,0,0,0
259,당류 및 그 제품,땅콩 누가사탕,100,366,91.2,0.23,7.14,37.08,271,0,2.01,0
260,당류 및 그 제품,살구 누가사탕,10,37,7.96,0.23,0.47,0,0.6,0,0,0
261,당류 및 그 제품,양갱 ,100,307,73.44,3.37,0.14,41.94,2,0,0.05,0
262,당류 및 그 제품,고구마 엿,100,285,69.7,1.6,0,0,6,0,0,0
263,당류 및 그 제품,깨엿강정,100,538,45.4,15,32.9,0,81,0,0,0
264,당류 및 그 제품,엿,30,102.9,26.34,0.33,0.15,0,25.8,0,0,0
265,당류 및 그 제품,젤리 ,100,327,81.6,0,0.1,0,1,0,0,0
266,당류 및 그 제품,고구마 조청,100,313,77,1.38,0.35,46.86,3,0,0.14,0
267,당류 및 그 제품,도라지 조청,100,350,86,1.7,0.1,0,19,0,0,0
268,당류 및 그 제품,배 조청  ,100,257,62.3,2.1,0,0,7,0,0,0
269,당류 및 그 제품,산수유 조청,100,325,80.9,0.3,0,0,7,0,0,0
270,당류 및 그 제품,쌀 조청,100,354,87.9,0.53,0.24,49.91,21,0,0.09,0
271,당류 및 그 제품,오가피 조청,100,311,77.3,0.4,0.1,0,6,0,0,0
272,당류 및 그 제품,초콜렛 ,15,81.45,7.72,0.6,5.36,0,12.75,0,0,0
273,당류 및 그 제품,다크 초콜렛,100,598,45.9,7.79,42.63,23.99,20,3,24.49,0
274,당류 및 그 제품,땅콩 초콜렛,100,519,49.7,13.1,33.5,37.59,41,9,14.6,0
275,당류 및 그 제품,밀크 초콜렛 ,100,572,51.8,8.1,36.9,0,90,0,0,0
276,당류 및 그 제품,시리얼 밀크 초콜렛  ,100,511,59.67,7.64,29.37,51.06,86,23,15.89,0
277,당류 및 그 제품,아몬드 밀크 초콜렛,100,526,53.4,9,34.4,43.9,74,19,17.7,0
278,당류 및 그 제품,새알 초콜렛,15,74.1,10.76,0.64,3.16,0,9.15,0,0,0
279,당류 및 그 제품,스위트 초콜렛,100,507,60.4,3.9,34.2,51.48,16,0,20.08,0
280,당류 및 그 제품,초코바 ,15,75,9.59,1.34,3.48,0,48.15,0,0,0
281,당류 및 그 제품,화이트 초콜렛,100,539,59.24,5.87,32.09,59,90,21,19.41,0
282,당류 및 그 제품,밀크 카라멜,100,423,79.9,1.8,10.7,0,98,0,0,0
283,두류 및 그 제품,마른 강낭콩,100,350,64,21,1,0,2,0,0,0
284,두류 및 그 제품,삶은 강낭콩,100,170,32,8,1,0,3,0,0,0
285,두류 및 그 제품,강낭콩,100,172,32,9,1,0,0,0,0,0
286,두류 및 그 제품,녹두묵 ,100,36,9,0.1,0,0,17,0,0,0
287,두류 및 그 제품,마른 녹두 ,100,352,60,25,2,0,1,0,1,0
288,두류 및 그 제품,삶은 녹두,100,158,26.66,11.29,0.67,0,2,0,0.25,0
289,두류 및 그 제품,동두부 ,100,536,4.2,50.5,34.1,0,440,0,5.22,0
290,두류 및 그 제품,두부 ,100,97,3.75,9.62,4.63,0,1,0,0.7,0
291,두류 및 그 제품,비지 ,100,74,11.7,3.5,1.5,0,5,0,0,0
292,두류 및 그 제품,순두부 ,100,54,0.7,5.8,3.1,0,6,0,0,0
293,두류 및 그 제품,연두부 ,100,62,4.7,4.2,2.8,0,5,0,0,0
294,두류 및 그 제품,튀긴두부(유부),100,379,3.9,20.4,31,0,17,0,0,0
295,두류 및 그 제품,두유 ,100,70,4.7,4.4,3.6,0,135,0,0,0
296,두류 및 그 제품,검정콩(서리태),100,399,37.84,34.6,12.6,10.23,0,0,1.76,0
297,두류 및 그 제품,볶은 검정콩(서리태),100,452,36.7,37.4,18.1,0,4,0,0,0
298,두류 및 그 제품,검정콩(흑태),100,407,32.45,36.1,15.37,6.96,3,0,2.37,0
299,두류 및 그 제품,볶은 노란콩,100,445,33.57,40.47,17.21,7.21,3,0,2.42,0
300,두류 및 그 제품,노란콩 ,100,409,32.99,36.21,14.71,6.84,2,0,2.07,0
301,두류 및 그 제품,삶은 노란콩 ,100,201,12.02,17.82,9.5,2.57,4,0,1.33,0
302,두류 및 그 제품,동부 ,100,349,64.23,18.88,1.82,0,5,0,0.62,0
303,두류 및 그 제품,삶은 동부 ,100,147,26.4,8.12,1.03,0,3,0,0.35,0
304,두류 및 그 제품,베지밀,100,70,4.7,4.4,3.6,0,135,0,0,0
305,두류 및 그 제품,라이마빈스,100,351,60.8,21.9,1.8,1.2,0,0,0.42,0
306,두류 및 그 제품,삶은 라이마빈스,100,152,26,9.6,0.9,0.5,0,0,-0.21,0
307,두류 및 그 제품,밤콩,100,410,30.6,35,17.2,0,4,0,0,0
308,두류 및 그 제품,완두콩 ,100,363,67.1,20.7,1.3,0,5,0,0,0
309,두류 및 그 제품,삶은 완두콩,100,122,20.78,7.27,1.1,0,2,0,0.22,0
310,두류 및 그 제품,작두콩(도두),100,344,57.4,26.3,1,0,5,0,0,0
311,두류 및 그 제품,잠두,3,10.44,1.68,0.78,0.06,0,0.03,0,0,0
312,두류 및 그 제품,삶은 잠두,100,110,19.65,7.6,0.4,1.82,5,0,0.07,0
313,두류 및 그 제품,쥐눈이콩(검정소립콩),100,403,30.59,37.32,14.61,6.03,2,0,2.15,0
314,두류 및 그 제품,콩조림 ,100,271,39.1,19.3,4.2,0,1067,0,0,0
315,두류 및 그 제품,팥 페이스트 ,100,155,27.1,9.8,0.6,0,3,0,-0.07,0
316,두류 및 그 제품,검정팥 ,100,347,64.4,21.6,0.3,0,20,0,0,0
317,두류 및 그 제품,삶은 검정팥,100,143,26.4,9.2,0.1,0,3,0,0,0
318,두류 및 그 제품,붉은팥,100,352,68.4,19.3,0.1,0,1,0,0,0
319,두류 및 그 제품,삶은 붉은팥,100,198,37.7,11.3,0.2,0,0,0,0,0
320,두류 및 그 제품,회색팥,100,350,63.3,21.9,1,0,1,0,0,0
321,견과류,개암,100,659,13,20,59,0,0,0,0,0
322,견과류,볶은 개암 ,100,684,14,14,69,4,35,0,6,0
323,견과류,도토리묵 ,100,38,10.2,0.2,0.2,0,55,0,0,0
324,견과류,들깨,100,526,29.26,22.68,39.74,1.46,1,0,2.94,0
325,견과류,커피맛 땅콩 ,10,60.8,2.7,2.42,4.48,0,0.4,0,0,0
326,견과류,검정땅콩,100,570,26.5,19.3,47.7,0,6,0,0,0
327,견과류,땅콩,100,525,18.36,25.74,42.57,4.4,5,0,8.04,0
328,견과류,볶은 땅콩,100,572,19.91,28.5,46.24,5.18,4,0,8.54,0
329,견과류,삶은 땅콩,100,318,21.26,13.5,22.01,2.47,751,0,3.06,0
330,견과류,땅콩(소립종),100,563,24.2,22.4,46.3,0,3,0,0,0
331,견과류,땅콩(중립종),100,544,29.1,20.3,43,0,2,0,0,0
332,견과류,때죽 ,100,540,31.8,13.6,44.7,0,0,0,0,0
333,견과류,마카다미아넛,100,720,12.2,8.3,76.7,3.8,190,0,12.46,0
334,견과류,밤 통조림 ,100,225,55.2,1.1,0,0,27,0,0,0
335,견과류,구운 밤 ,100,166,37.2,3.2,0.4,0,2,0,0,0
336,견과류,밤,100,334,78.6,6.7,4.1,0,7,0,0,0
337,견과류,삶은 밤,100,136,33.95,3.45,0.51,6.06,0,0,0.12,0
338,견과류,구운 축파 ,100,162,42.2,3.5,0.1,0,1,0,0,0
339,견과류,밤넥타,100,54,12.3,0.7,0.2,0,0,0,0,0
340,견과류,보리밥 열매,100,324,68.5,18.5,1.3,0,0,0,0,0
341,견과류,브라질너트,100,659,11.74,14.32,67.1,2.33,3,0,16.13,0
342,견과류,볶은 브라질너트 ,100,669,9.6,14.9,69.1,2.3,78,0,15.81,0
343,견과류,삼씨,100,463,31.3,29.5,27.9,2.2,2,0,2.91,0
344,견과류,수박씨,100,546,13.4,29.6,46.4,0,580,0,6.24,0
345,견과류,아몬드,100,571,21.82,25.74,46.61,5.82,549,0,3.96,0
346,견과류,연씨,10,33.3,6.26,1.91,0.14,0,0.6,0,0,0
347,견과류,삶은 은행,100,166,38.25,4.31,1.86,1.91,1,0,0.19,0
348,견과류,잣두부 ,100,80,4,7.5,4.3,0,34,0,0,0
349,견과류,잣,100,639,17.6,15.4,61.5,0,11,0,0,0
350,견과류,볶은 잣,100,716,4.7,17.6,75,0,11,0,0,0
351,견과류,검정깨,100,546,26.45,20.85,44.12,0,0,0,6.06,0
352,견과류,볶은 검정깨 ,100,536,27.42,21.28,42.3,0,1,0,6.27,0
353,견과류,흰깨,100,558,21.77,25.41,45.31,0,4,0,6.68,0
354,견과류,볶은 흰깨,100,559,21.83,25.96,45.11,0,2,0,7.1,0
355,견과류,캐슈넛,100,576,26.7,19.8,47.6,-5.3,220,0,9.97,0
356,견과류,코코넛밀크,100,230,5.54,2.29,23.84,3.34,15,0,21.14,0
357,견과류,코코넛,100,355,15.2,3.3,33.5,0,20,0,0,0
358,견과류,건조 코코넛,100,660,23.65,6.88,64.53,7.35,37,0,57.22,0
359,견과류,볶은 코코넛,100,592,44.4,5.3,47,0,37,0,41.68,0
360,견과류,코코넛수,100,19,3.71,0.72,0.2,2.61,105,0,0.18,0
361,견과류,피스타치오넛 ,100,582,21.2,24.2,49,0,390,0,0,0
362,견과류,건 피스타치오넛,100,560,27.17,20.16,45.32,7.66,1,0,5.91,0
363,견과류,피칸 ,100,710,13.55,9.5,74.27,4.06,383,0,6.28,0
364,견과류,건조 피칸,100,691,13.86,9.17,71.97,3.97,0,0,6.18,0
365,견과류,해바라기씨,100,601,18.1,19.5,54.8,0,72,0,0,0
366,견과류,건조 해바라기씨,100,612,14.7,22.33,56.12,4.04,2,0,6.01,0
367,견과류,볶은 해바라기씨,100,611,17.2,20.1,56.3,1.4,250,0,5.68,0
368,견과류,호두 ,100,693,7.92,15.47,71.99,0,3,0,5.87,0
369,견과류,볶은 호두 ,100,674,10.5,16,68.4,0,47,0,0,0
370,견과류,호박씨 ,100,574,12,26.5,51.8,1.3,47,0,-9.01,0
371,견과류,건조 호박씨,100,566,5.34,35.35,48.18,0,6,0,8.18,0
372,채소류,가시오가피,100,55,11.99,5.25,0.85,2.07,1,0,0.14,0
373,채소류,가지절임 ,100,23,5.2,1.4,0.1,0,880,0,-0.03,0
374,채소류,데친 가지,100,15,4.4,1,0.1,1.94,1,0,0.03,0
375,채소류,건조 가지,100,232,65.59,14.53,2.4,18.13,13,0,0.98,0
376,채소류,"가지, 생것 ",100,15,4.36,1.13,0.03,2.32,0,0,0.03,0
377,채소류,고구마 잎,100,45,7.34,3.92,0.44,0,0,0,0.13,0
378,채소류,건조 고구마 줄기 ,100,291,75.53,6.07,0.47,17.11,12,0,0.43,0
379,채소류,삶은 고구마 줄기 ,100,12,2.88,0.45,0.05,0,1,0,0.02,0
380,채소류,"고구마, 줄기, 생것 ",100,29,6.7,0.6,0.4,0,12,0,0.18,0
381,채소류,"고구마, 줄기, 생것 ",100,16,3.63,0.76,0.02,0,1,0,0.02,0
382,채소류,건조 곤드레 ,100,230,76.4,5.6,2.8,0,0,0,0,0
383,채소류,데친 고사리,100,20,3.55,2.74,0.24,0.43,2,0,0.12,0
384,채소류,건조 고사리,100,229,54.2,25.8,0.6,0,15,0,0,0
385,채소류,고수(향채),100,32,5.6,4.6,0.2,0,5,0,0,0
386,채소류,데친 고추 잎,100,47,8.9,5.16,0.85,0,2,0,0.18,0
387,채소류,고추장아찌 ,100,91,31.49,2.39,0.63,11.51,2026,0,0.11,0
388,채소류,꽈리고추 ,100,27,7.78,1.83,0.13,1.98,2,0,0.04,0
389,채소류,건조 붉은고추,100,263,57.47,13.88,8.71,0,4,0,1.73,0
390,채소류,붉은고추,100,71,15.34,3.12,2.73,5.48,1,0,0.49,0
391,채소류,오이고추,100,18,5.51,0.99,0.12,0.76,1,0,0.03,0
392,채소류,건조 고추 잎,100,263,37.8,35.43,5.3,0,25,0,1.12,0
393,채소류,고추 잎,100,41,8.49,5.07,0.32,0,4,0,0.14,0
394,채소류,청양고추,100,25,7.01,1.53,0.3,0.34,1,0,0.06,0
395,채소류,풋고추,100,21,6,1.2,0.2,0,0,0,0,0
396,채소류,데친 곤달비 ,100,29,7.4,1.8,0.5,0,2,0,0,0
397,채소류,데친 곰취,100,32,6.09,3.28,0.64,0.3,1,0,0.11,0
398,채소류,건조 곰취,100,237,69.2,8,4.7,0,0,0,0,0
399,채소류,데친 공심채,100,21,4.1,2.2,0.1,0.5,16,0,0,0
400,채소류,건조 구지뽕 ,100,231,63.3,18.25,1.4,12.57,4,0,0.39,0
401,채소류,데친 국화꽃,100,23,5.7,1,0,0,1,0,0,0
402,채소류,건조 국화꽃 ,100,292,73.5,11.6,0.2,0,14,0,0,0
403,채소류,데친 근대,100,18,3.95,1.79,0.2,0,138,0,0.04,0
404,채소류,갓김치 ,100,32,7.07,3.26,0.4,2.46,720,0,0.08,0
405,채소류,고들빼기 ,100,88,11.9,4.1,2.7,0,2231,0,0,0
406,채소류,깍두기 ,100,38,7.54,1.43,0.19,3.55,501,0,0.04,0
407,채소류,나박김치 ,100,7,1.27,0.34,0.07,0.37,421,0,0.02,0
408,채소류,동치미 ,100,8,1.77,0.33,0.01,0.62,533,0,0,0
409,채소류,배추김치 ,100,25,4.4,1.4,0.2,0,232,0,0,0
410,채소류,백김치 ,100,16,3,0.95,0.07,1.77,395,0,0.01,0
411,채소류,열무김치 ,100,32,4.99,2.4,0.29,0.67,510,0,0.06,0
412,채소류,오이소박이 ,100,37,6.66,1.76,0.37,3.17,302,0,0.08,0
413,채소류,유채김치 ,100,62,10.1,3.5,0.8,0,926,0,0,0
414,채소류,총각김치 ,100,41,7.89,2.02,0.2,2.68,692,0,0.05,0
415,채소류,파김치 ,100,49,8.51,2.5,0.58,2.8,655,0,0.11,0
416,채소류,무청김치,40,9.2,0.96,1.08,0.28,0,0,0,0,0
417,채소류,깻잎 통조림 ,100,76,10.4,4.7,1.7,0,1679,0,0,0
418,채소류,데친 깻잎,100,31,4.8,3.93,0.6,0,1,0,0.1,0
419,채소류,깻잎,100,42,8.89,4.46,0.5,0,1,0,0.14,0
420,채소류,찐 깻잎 ,100,35,6.07,4.37,0.55,0,1,0,0.09,0
421,채소류,건조 꼬깔나물 ,100,253,52.2,24.3,4.7,0,0,0,0,0
422,채소류,데친 꽃양배추 ,100,17,4.5,1.4,0.1,0,22,0,0,0
423,채소류,건조 꿀풀(하고초),100,237,71.6,8.2,4,0,10,0,0,0
424,채소류,날개콩,100,35,6.5,1.9,0.2,0,0,0,0,0
425,채소류,데친 냉이,100,45,9.19,5.09,0.5,0,4,0,0.1,0
426,채소류,데친 넘취,100,23,6.6,1.6,0.2,0,3,0,0,0
427,채소류,녹색완두콩 통조림,100,98,19.7,3.6,0.4,3.5,330,0,-0.06,0
428,채소류,데친 녹색완두콩,100,110,18.5,8.3,0.2,3.1,3,0,-0.02,0
429,채소류,데친 누룩치 ,100,30,8.8,1.4,0.4,0,2,0,0,0
430,채소류,누룩치 잎,100,55,17.3,2.3,0.5,0,2,0,0,0
431,채소류,데친 누룩치 줄기,100,18,6.6,0.2,0.1,0,4,0,0,0
432,채소류,누룩치 줄기,100,22,8.1,0.2,0.2,0,1,0,0,0
433,채소류,누리장나무 잎 ,100,55,12.7,4.5,1,0,0,0,0,0
434,채소류,다채,100,14,2,2.1,0.2,0,17,0,0,0
435,채소류,달래 ,100,24,6.1,1.9,0.22,1.46,7,0,0.07,0
436,채소류,당귀 잎(노지재배),70,46.9,11.62,2.52,0.56,0,4.9,0,0,0
437,채소류,당귀 잎(양액재배),70,28,5.81,3.43,0.35,0,7,0,0,0
438,채소류,당근캔주스 ,100,40,9.28,0.95,0.15,3.91,66,0,0.03,0
439,채소류,데친 당근뿌리,100,24,7.01,0.97,0.13,2.39,16,0,0.03,0
440,채소류,데친 도라지 ,100,38,11.35,1.48,0.14,0.75,4,0,0.03,0
441,채소류,건조 도라지 ,100,256,74.59,10.67,0.89,9.03,22,0,0.25,0
442,채소류,데친 동아 ,100,16,3.7,0.6,0.1,0,1,0,-0.01,0
443,채소류,데친 두릅 ,100,29,5.81,3.49,0.28,0,2,0,0.07,0
444,채소류,데친 땅두릅,100,21,4.56,2.3,0.25,1.08,2,0,0.07,0
445,채소류,데친 땅두릅 잎,100,56,10.8,6.3,0.8,0,27,0,0,0
446,채소류,데친 땅두릅 줄기,100,14,3.3,1.5,0.1,0,3,0,0,0
447,채소류,건조 둥글레 잎,100,232,67.7,16.5,0.9,0,7,0,0,0
448,채소류,떡취,100,51,14.7,3.9,0.2,0,0,0,0,0
449,채소류,건조 띠뿌리(백모근),100,265,77,9,2,0,115,0,0,0
450,채소류,건조 띠뿌리(백모근) 잎,100,265,66,22,3,0,50,0,0,0
451,채소류,데친 리크 ,100,28,6.8,1.3,0.1,2.2,2,0,-0.01,0
452,채소류,마늘장아찌 ,100,113,25.36,2.43,0.16,15.03,1127,0,0.04,0
453,채소류,마늘쫑장아찌 ,100,118,27.34,1.96,0.14,13.85,1410,0,0.04,0
454,채소류,마늘 페이스트 ,100,171,37,4.7,0.5,1.2,1800,0,-0.07,0
455,채소류,건조 마늘(동결건조) ,100,268,73.7,15.3,0.5,0,5,0,0,0
456,채소류,건조 마늘(열풍건조) ,100,272,73.3,16.3,0.7,0,7,0,0,0
457,채소류,데친 남도마늘 ,100,111,28.59,7.84,0.13,0,1,0,0.04,0
458,채소류,마늘 ,100,26,7.33,1.9,0.17,4.01,2,0,0.06,0
459,채소류,마늘구근,100,105,27.29,7.38,0.07,0.12,1,0,0.03,0
460,채소류,마늘쑥쨈,20,38.8,9.62,0.46,0.02,0,0,0,0,0
461,채소류,마늘호박쨈,20,35,8.66,0.46,0.02,0,0,0,0,0
462,채소류,데친 머위,100,22,4.42,2.17,0.41,0.17,2,0,0.08,0
463,채소류,건조 머위,100,235,58.2,17.4,3.7,0,48,0,0,0
464,채소류,삶은 머위,100,25,5.2,2.44,0.44,1.81,5,0,0.08,0
465,채소류,모시딱지,100,222,41.9,29.7,1.7,0,0,0,0,0
466,채소류,단무지 ,100,12,2.42,0.36,0.05,0.55,637,0,0.02,0
467,채소류,무국물,100,1,0.3,0,0,0,3,0,0,0
468,채소류,무말랭이,100,318,65.34,13.59,0.3,19.91,303,0,0.15,0
469,채소류,데친 무시래기 ,100,19,4.68,1.58,0.27,0,91,0,0.05,0
470,채소류,무장아찌 ,100,131,29.24,2.25,0.61,16.75,1073,0,0.14,0
471,채소류,무절임(무짠지),100,13,3.1,0.9,0.1,0,0,0,0,0
472,채소류,무청,100,21,2.9,2.3,0.7,0,38,0,0,0
473,채소류,무청절임 ,100,29,6,2.3,0.2,0,910,0,-0.02,0
474,채소류,순무절임,100,23,4.9,1,0.2,0,1100,0,-0.02,0
475,채소류,데친 무청,100,17,4.17,1.58,0.18,0,26,0,0.03,0
476,채소류,데친 순무뿌리,100,27,7.51,1.28,0.09,2.98,47,0,0.02,0
477,채소류,데친 열무,100,19,2.95,2.69,0.25,0,30,0,0.05,0
478,채소류,무꼬투리,25,6,1.42,0.43,0.12,0,0,0,0,0
479,채소류,데친 물쑥,100,36,11.7,1.9,0.1,0,7,0,0,0
480,채소류,데친 미나리,100,22,4.82,2.04,0.32,1.64,6,0,0.07,0
481,채소류,데친 돌미나리,100,18,3.2,2.3,0.2,0,7,0,0,0
482,채소류,데친 민들레  ,100,26,5.74,2.18,0.51,0,1,0,0.08,0
483,채소류,데친 바셀라,100,15,3.2,0.9,0.2,0,7,0,0,0
484,채소류,건조 박오라기,100,199,69,7.6,0.4,0,14,0,0,0
485,채소류,데친 박오라기,100,28,7.2,0.8,0,0,1,0,0,0
486,채소류,건조 밥취나물,100,243,55.2,21,4,0,0,0,0,0
487,채소류,데친 방울다다기양배추 ,100,49,9.8,5.3,0.1,3.7,5,0,-0.02,0
488,채소류,데친 배추,100,15,3.9,1.4,0,0,7,0,0,0
489,채소류,데친 봄동,100,19,4.54,1.84,0.18,2.31,38,0,0.03,0
490,채소류,건조 부지갱이,100,230,50,25.7,2,0,0,0,0,0
491,채소류,데친 부추,100,19,3.6,2.3,0.2,0,2,0,0,0
492,채소류,데친 브로콜리 ,100,26,5.34,2.8,0.31,0.4,4,0,0.08,0
493,채소류,삶은 브로콜리,100,27,4.3,3.5,0.4,1.1,14,0,-0.05,0
494,채소류,건조 브로콜리 잎,100,213,55.3,15.4,2.8,0,193,0,0,0
495,채소류,데친 비름,100,25,4.51,2.98,0.41,0.27,46,0,0.08,0
496,채소류,새싹 ,100,52,5.4,3.1,3.3,0,5,0,0,0
497,채소류,비트피클,100,65,16.28,0.8,0.08,11.05,149,0,0.01,0
498,채소류,데친 비트뿌리,100,21,5.8,1.2,0,0,55,0,0,0
499,채소류,데친 비트잎,100,15,2.2,2.3,0.2,0,159,0,0,0
500,채소류,건조 삼나물,100,249,61.3,22.8,2.2,0,0,0,0,0
501,채소류,청상추(결구상추),100,8,1.3,0.9,0.2,0,6,0,0,0
502,채소류,청상추(잎상추) ,100,12,2.4,1.1,0.3,0,5,0,0,0
503,채소류,적상추 ,100,15,3.6,1.1,0.3,0,36,0,0,0
504,채소류,편강 ,100,376,92.9,0.5,0.3,0,29,0,0,0
505,채소류,생강피클,100,19,4,0.2,0.4,0,2800,0,-0.11,0
506,채소류,생강 페이스트 ,100,43,8.6,0.7,0.6,1.4,580,0,-0.16,0
507,채소류,데친 섬초롱,100,27,7.6,2,0.2,0,1,0,0,0
508,채소류,데친 쇠귀나물 뿌리 ,100,128,27.2,6.2,0.1,0,3,0,0,0
509,채소류,데친 숙주나물 ,100,13,1.4,2.2,0.2,0,5,0,0,0
510,채소류,"스테비아, 마른것 ",100,303,70.5,14.2,2,0,111,0,0,0
511,채소류,"스테비아, 마른것 ",100,239,70.5,14.2,2,0,111,0,0,0
512,채소류,"시금치, 데친것 ",100,23,3.8,3.4,0.1,0,11,0,0,0
513,채소류,"시금치, 데친것 ",100,22,3.8,3.4,0.1,0,11,0,0,0
514,채소류,"시금치,시금치, 삶은것",40,8,1.52,1.36,0.04,0,4.4,0,0,0
515,채소류,데친 쑥,100,35,6.79,3.71,0.63,0,3,0,0.1,0
516,채소류,건조 쑥,100,241,53.8,25.8,2.05,0.16,39,0,0.89,0
517,채소류,데친 쑥갓 ,100,19,3.8,2.1,0.3,0,135,0,0.05,0
518,채소류,데친 씀바귀 ,100,26,6.3,2.6,0.2,0,19,0,0,0
519,채소류,아스파라거스 통조림 ,100,12,3,1.1,0.1,0,387,0,0,0
520,채소류,데친 아스파라거스,100,22,4.2,3.1,0.1,0,1,0,0,0
521,채소류,데친 아욱,100,29,5.2,3.52,0.49,0,17,0,0.08,0
522,채소류,알로에 ,100,2,0.7,0.1,0,0,13,0,0,0
523,채소류,코올슬로우(샐러드),100,153,14.89,0.95,9.91,12.19,203,4,1.6,0
524,채소류,데친 양배추 ,100,26,7.56,1.71,0.12,5.2,7,0,0.03,0
525,채소류,양파링(과자),100,411,43.58,3.86,25.23,5.43,776,0,4.19,0
526,채소류,데친 양파,100,20,6.93,0.84,0.04,4.55,3,0,0.01,0
527,채소류,건조 양파,100,270,78,11.7,1,0,7,0,0,0
528,채소류,양파,100,20,6.68,0.95,0.04,5.74,3,0,0.01,0
529,채소류,건조 얼레지 뿌리 ,100,256,83.3,5.6,0.4,0,7,0,0,0
530,채소류,데친 엄나무(개두릅) 잎,100,41,3.86,7.05,0.75,0,3,0,0.18,0
531,채소류,건조 엉겅퀴,100,229,55.6,22.4,1.6,0,7,0,0,0
532,채소류,숙성건조 엉겅퀴 ,100,248,54.2,27.4,2.2,0,7,0,0,0
533,채소류,데친 연근,100,45,14.41,1.07,0.08,0.59,6,0,0.02,0
534,채소류,염교(락교)장아찌 ,100,85,20.5,0.6,0.1,0,573,0,0,0
535,채소류,데친 영아자,100,30,7.8,2.5,0.2,0,6,0,0,0
536,채소류,건조 영아자 ,100,244,54.4,23.8,3.1,0,15,0,0,0
537,채소류,오이절임(오이지)  ,100,8,2.1,0.63,0.12,14.31,1647,0,0.03,0
538,채소류,오이피클 ,100,64,25.07,0.38,0.12,22.69,1040,0,0.05,0
539,채소류,데친 오크라,100,33,7.6,2.1,0.1,2.1,4,0,-0.02,0
540,채소류,건조 왜우산풀,100,280,66.9,12.9,1.2,0,41,0,0,0
541,채소류,숙성건조 왜우산풀 ,100,290,67.4,15.3,1.4,0,54,0,0,0
542,채소류,데친 우엉 ,100,40,11.34,1.88,0.09,0.69,5,0,0.02,0
543,채소류,울외장아찌 ,100,59,13.1,5.1,0.3,0,3487,0,0,0
544,채소류,워터크레스,100,22,3.7,3.5,0.1,0,28,0,0,0
545,채소류,데친 유채 ,100,31,5.3,3.6,0.4,0,10,0,-0.04,0
546,채소류,삶은 유채,25,7.75,1.33,0.9,0.1,0,2.5,0,0,0
547,채소류,죽순 가공 통조림 ,100,14,2.8,1.3,0.3,0,2,0,0,0
548,채소류,데친 죽순,100,27,5.5,3.2,0.3,0,6,0,0,0
549,채소류,건조 죽순 ,100,243,52.8,13.8,2.5,0,0,0,0,0
550,채소류,건조 줄나물 ,100,222,41.9,29.7,1.7,0,0,0,0,0
551,채소류,데친 질경이,100,36,10.7,2.4,0.1,0,14,0,0,0
552,채소류,건조 참나물,100,237,71.6,8.5,3.8,0,0,0,0,0
553,채소류,건조 참반디,100,228,65.7,12.6,2.7,0,6,0,0,0
554,채소류,건조 참죽나물,100,247,57,27.9,1,0,37,0,0,0
555,채소류,창출나물,100,49,7.9,5.3,1.3,0,0,0,0,0
556,채소류,데친 취나물,100,40,10.54,2.77,0.5,0.63,8,0,0.08,0
557,채소류,건조 취나물,100,229,53.6,22.2,2.3,0,0,0,0,0
558,채소류,케일(꽃케일) ,100,29,6.5,3.3,0.2,0,103,0,0,0
559,채소류,케일(로얄채) ,100,39,11.1,2.7,0.3,0,11,0,0,0
560,채소류,케일,100,24,4.61,3.11,0.24,0,47,0,0.05,0
561,채소류,데친 콜라비,100,21,5.2,1,0,2.3,7,0,0,0
562,채소류,콜라비 ,100,17,5.16,1.16,0.05,1.55,7,0,0.02,0
563,채소류,콩 잎 ,100,77,21,6.6,0.3,0,0,0,0,0
564,채소류,데친 콩나물,100,35,2.55,4.52,1.51,0.62,1,0,0.24,0
565,채소류,건조 콩나물,100,407,32.5,45.7,10.8,0,42,0,0,0
566,채소류,데친 토란대 ,100,14,5.3,0.4,0,0,1,0,0,0
567,채소류,건조 토란대,100,195,65.5,7.4,1.1,0,11,0,0,0
568,채소류,토마토주스 ,100,38,10.92,0.4,0.02,8.4,27,0,0.01,0
569,채소류,토마토퓨레통조림 ,100,41,9.9,1.9,0.1,5.2,19,0,-0.02,0
570,채소류,토마토 통조림 ,100,20,4.4,0.9,0.2,3.6,4,0,-0.03,0
571,채소류,데친 토마토 ,100,14,4.06,0.7,0.14,2.08,2,0,0.03,0
572,채소류,방울토마토 ,100,19,6.02,1,0.13,3.89,5,0,0.04,0
573,채소류,토마토 ,100,16,4.26,1.03,0.18,2.37,2,0,0.04,0
574,채소류,흑토마토,100,15,5.22,0.68,0.04,2.96,2,0,0.02,0
575,채소류,토마토소스 ,100,44,8.5,2,0.2,5.3,240,0,-0.03,0
576,채소류,풋고추,100,23,6.42,1.71,0.19,1.8,1,0,0.04,0
577,채소류,향채,100,32,5.6,4.6,0.2,0,5,0,0,0
578,채소류,건조 늙은호박고지 ,100,214,65.6,11.8,1.4,0,18,0,0,0
579,채소류,건조 애호박고지 ,100,219,65.8,14.8,0.7,0,12,0,0,0
580,채소류,데친 국수호박,100,12,3.8,0.5,0.1,0,1,0,0,0
581,채소류,데친 늙은호박,100,24,6.9,1.7,0.1,0,0,0,0,0
582,채소류,데친 단호박,100,24,6.9,1.7,0.1,0,0,0,0,0
583,채소류,데친 애호박 ,100,16,4.88,1.05,0.1,2.08,0,0,0.03,0
584,채소류,데친 호박 잎,100,29,6.14,3.09,0.34,0.33,2,0,0.07,0
585,채소류,찐 호박 잎,100,44,9.19,4.84,0.49,0.7,3,0,0.09,0
586,채소류,데친 쥬키니 ,100,9,2.4,0.9,0,0,2,0,0,0
587,채소류,홍무,70,14,5.6,0.07,0.21,0,47.6,0,0,0
588,채소류,건조 홍치나물,100,284,58.1,19.9,3.3,0,0,0,0,0
589,채소류,데친 홑잎나물,100,64,17.03,4.03,0.94,2.07,2,0,0.16,0
590,버섯류,건조 검은비닐버섯 ,100,177,62.1,20.1,2.7,0,0,0,0,0
591,버섯류,건조 나도팽나무버섯,100,182,66.1,23.6,0.5,0,64,0,0,0
592,버섯류,건조 노루궁뎅이버섯,100,179,57.8,24.5,3.2,0,57,0,0,0
593,버섯류,데친 느타리버섯,100,23,7.69,3.28,0.18,0,3,0,0.03,0
594,버섯류,데친 참타리버섯,100,20,6.1,3.9,0,0,7,0,0,0
595,버섯류,데친 목이버섯,100,13,5.2,0.6,0.2,0,9,0,-0.03,0
596,버섯류,건조 목이버섯 ,100,167,71.11,10.28,0.96,0.26,63,0,0.11,0
597,버섯류,건조 버들송이버섯 갓,100,191,61.6,23.3,4.7,0,0,0,0,0
598,버섯류,건조 버들송이버섯 줄기,100,183,71.1,14.3,2.7,0,0,0,0,0
599,버섯류,건조 뽕나무버섯 갓,100,192,58.6,24.4,5.7,0,5,0,0,0
600,버섯류,건조 뽕나무버섯 줄기,100,182,76.6,12.8,0.6,0,3,0,0,0
601,버섯류,건조 상황버섯 ,100,179,84.58,4.4,0.27,0,33,0,0.07,0
602,버섯류,건조 석이버섯,100,165,68.47,11.75,0.96,0.33,6,0,0.16,0
603,버섯류,송이버섯 통조림 ,100,17,3.87,3.75,0.41,0,377,0,0.04,0
604,버섯류,건조 싸리버섯,100,179,58.9,19.9,4.8,0,57,0,0,0
605,버섯류,양송이버섯 통조림 ,100,17,3.87,3.75,0.41,0,377,0,0.04,0
606,버섯류,건조 영지버섯,100,187,81.03,9.41,1.4,0,2,0,0.28,0
607,버섯류,건조 잣버섯 ,100,184,73.4,11.5,3.1,0,0,0,0,0
608,버섯류,데친 큰느타리버섯(새송이버섯) ,100,19,6.24,2.93,0.18,0,5,0,0.03,0
609,버섯류,데친 팽이버섯,100,18,6.29,2.4,0.24,0.52,1,0,0.05,0
610,버섯류,데친 표고버섯 ,100,18,6.3,2.4,0.2,0,5,0,0,0
611,버섯류,건조 표고버섯,100,178,63.7,18.1,3.1,0,25,0,0,0
612,과실류,감말랭이 ,100,239,68.61,1.94,0.16,55.11,3,0,0.04,0
613,과실류,곶감 ,100,201,57.45,1.93,0.08,29.76,1,0,0.03,0
614,과실류,감 잼 ,100,63,16.9,0.5,0.1,0,1,0,0,0
615,과실류,감 주스 ,100,38,11,0.1,0.1,0,6,0,0,0
616,과실류,단감 ,100,48,13.66,0.41,0.04,10.52,0,0,0.01,0
617,과실류,연시,100,61,17.76,0.29,0.04,12.32,1,0,0.01,0
618,과실류,구아바 주스,100,51,12.3,0.1,0.1,0,7,0,0,0
619,과실류,귤 잼 ,100,309,76.2,1,0,0,0,0,0,0
620,과실류,귤 주스 ,100,37,10.4,0.2,0.1,0,13,0,0,0
621,과실류,귤 주스(무가당) ,100,41,11.6,0.3,0.1,0,2,0,0,0
622,과실류,귤 통조림(무가당) ,100,60,16.2,1.2,0.2,0,3,0,0,0
623,과실류,온주밀감 ,100,34,9.44,0.63,0.04,5.07,3,0,0.01,0
624,과실류,한라봉 ,100,49,13.31,1.04,0.08,9.8,2,0,0.02,0
625,과실류,금귤,100,68,18.77,1.19,0.13,11.77,5,0,0.04,0
626,과실류,건조 대추 ,100,259,72.57,3.73,0.25,59.09,2,0,0.07,0
627,과실류,건조 대추야자 ,100,266,71.3,2.2,0.2,59,0,0,-0.02,0
628,과실류,딸기 잼 ,100,303,75.05,0.56,0.11,53.21,1,0,0.02,0
629,과실류,딸기쥬스,200,108,24,2,0.4,0,0,0,0,0
630,과실류,딸기,100,34,8.9,0.8,0.2,0,13,0,0,0
631,과실류,라임 주스 ,100,25,8.42,0.42,0.07,1.69,2,0,0.01,0
632,과실류,레몬 주스,200,52,17.2,0.8,0.4,0,4,0,0,0
633,과실류,건조 롱간스 ,100,286,74,4.9,0.4,0,48,0,0,0
634,과실류,망고 ,100,57,15.97,0.72,0.1,5.35,0,0,0.03,0
635,과실류,애플망고 ,100,46,13.2,0.5,0,0,2,0,0,0
636,과실류,매실 농축액 ,100,181,44.94,0.2,0.01,35.89,2,0,0.01,0
637,과실류,매실절임 ,100,33,10.5,0.9,0.2,0,8700,0,-0.01,0
638,과실류,매실 ,100,39,7.8,1.1,1.1,0,3,0,0,0
639,과실류,매실음료 ,100,55,13.1,0.1,0.2,0,5,0,0,0
640,과실류,머루 주스,100,76,21.8,0.3,0.2,0,0,0,0,0
641,과실류,머루,100,42,11.5,0.6,0.1,0,0,0,0,0
642,과실류,모과,100,73,20,0.7,0.4,0,2,0,0,0
643,과실류,무화과 통조림 ,100,81,19.4,0.5,0.1,0,8,0,-0.02,0
644,과실류,건조 무화과,100,302,77.22,4.75,3.01,58.92,14,0,0.41,0
645,과실류,건조 바나나,100,299,78.5,3.8,0.4,0,1,0,-0.12,0
646,과실류,바나나 ,100,79,21.94,1.1,0.1,14.63,0,0,0.04,0
647,과실류,배 과즙 ,100,40,11.76,0,0,10.15,0,0,0,0
648,과실류,배 통조림,30,23.4,5.73,0.03,0.03,0,1.2,0,0,0
649,과실류,배,100,45,12.8,0.4,0.1,0,0,0,0,0
650,과실류,배 주스,100,49,13,0.3,0.5,0,35,0,0,0
651,과실류,버찌 통조림 ,100,74,17.6,0.6,0.1,13.4,3,0,-0.02,0
652,과실류,버찌,100,57,14.9,1.7,0.1,0,1,0,0,0
653,과실류,복분자,100,57,12.2,1.4,1.3,0,1,0,0,0
654,과실류,복숭아 당절임 ,100,311,75,2.6,0.1,0,51,0,0,0
655,과실류,복숭아 잼 ,100,211,51.98,0.66,0.03,43.37,8,0,0.01,0
656,과실류,복숭아 백도 통조림 ,100,63,15.59,0.19,0,13.7,3,0,0,0
657,과실류,복숭아 황도 통조림 ,100,83,20.29,0.44,0.05,18.5,3,0,0.02,0
658,과실류,백도 ,100,46,13.1,0.59,0.04,9.45,0,0,0.02,0
659,과실류,천도,100,30,7.85,0.93,0.05,4.67,0,0,0.02,0
660,과실류,황도,100,46,13.03,0.4,0.04,9.29,2,0,0.02,0
661,과실류,블랙베리 ,100,41,8.69,0.67,1.13,5.76,0,0,0.05,0
662,과실류,블루베리 잼 ,100,283,70.22,0.21,0.11,44.44,13,0,0.03,0
663,과실류,블루베리 통조림 ,100,88,22.06,0.65,0.33,20.46,3,0,0.03,0
664,과실류,블루베리 ,100,45,12.57,0.55,0.09,5.54,0,0,0.02,0
665,과실류,비파 통조림 ,100,81,19.8,0.3,0.1,0,2,0,-0.02,0
666,과실류,사과 잼 ,100,267,66.2,0.2,0.1,0,10,0,0,0
667,과실류,사과  주스 ,100,29,7.25,0.02,0,5.03,14,0,0,0
668,과실류,사과 주스(무가당) ,100,41,11.6,0.2,0.1,0,2,0,0,0
669,과실류,사과 통조림 ,100,66,15.1,0.7,0.3,0,3,0,0,0
670,과실류,건조 사과 ,100,258,71.8,1,1.6,0,0,0,0,0
671,과실류,살구 잼 ,100,304,75.36,0.46,0.03,56.06,4,0,0.01,0
672,과실류,살구 통조림 ,100,48,12.34,0.63,0.04,10.74,4,0,0,0
673,과실류,건조 살구,100,243,68.39,3.21,0.18,25.62,2,0,0.05,0
674,과실류,씨없는 수박,100,31,7.5,0.8,0.1,0,6,0,0,0
675,과실류,앵두,100,58,15.2,1.1,0.3,0,10,0,0,0
676,과실류,오렌지 마멀레이드 ,100,209,61.4,0.4,0.1,0,16,0,0,0
677,과실류,오렌지 주스,100,39,10.5,0.7,0.2,0,2,0,0,0
678,과실류,오렌지 주스(무가당) ,100,37,10.04,0.66,0.05,0,2,0,0.01,0
679,과실류,오미자 농축액 ,100,259,64.6,0.1,0,0,8,0,0,0
680,과실류,건조 오미자,100,350,61.3,8.5,13.5,0,4,0,0,0
681,과실류,검정 올리브 피클 ,100,118,3.4,0.8,12.3,0,640,0,2.07,0
682,과실류,올리브 피클 ,100,137,5.34,1.09,12.36,0,1625,0,2.35,0
683,과실류,건조 올리브 ,100,307,82,3.3,0.1,0,108,0,0,0
684,과실류,유자 농축액 ,100,243,60.2,0.5,0,0,15,0,0,0
685,과실류,유자,100,46,12.54,0.93,0.09,4.1,3,0,0.02,0
686,과실류,건자두 ,100,207,58.7,2.8,0,0,29,0,0,0
687,과실류,자두 주스,200,92,22.6,0.6,0.2,0,0,0,0,0
688,과실류,자몽 주스,100,40,10.3,0.6,0.1,8.7,1,0,-0.01,0
689,과실류,자몽,100,30,7.92,0.84,0.05,4.2,1,0,0.01,0
690,과실류,코코넛,100,20,5,0.2,0.1,0,11,0,0,0
691,과실류,크랜베리 주스칵테일 ,100,54,13.52,0,0.1,11.87,2,0,0.01,0
692,과실류,크랜베리,100,46,11.97,0.46,0.13,4.27,2,0,0.01,0
693,과실류,탱자 ,100,79,18.5,1.3,1.5,0,2,0,0,0
694,과실류,파인애플 주스,100,41,11.1,0.1,0.1,9.9,1,0,-0.01,0
695,과실류,파인애플 통조림 ,100,76,18.81,0.13,0,13.02,1,0,0,0
696,과실류,패션후르츠 주스,100,64,16.2,0.8,0.4,0,5,0,0,0
697,과실류,패션후르츠,100,95,22.58,1.68,1.55,8.58,1,0,0.19,0
698,과실류,건포도,100,279,78.89,2.64,0.53,66.71,27,0,0.1,0
699,과실류,포도 잼 ,100,292,72.6,0.28,0.03,60.17,6,0,0.01,0
700,과실류,포도 주스,100,44,12.92,0.24,0,10.87,5,0,0,0
701,과실류,포도즙 ,100,45,12.62,0.66,0.01,9.71,1,0,0,0
702,과실류,포도 통조림 ,100,69,17.12,0.14,0.02,14.87,25,0,0.01,0
703,과실류,거봉 ,100,64,18.25,0.59,0.05,12.32,0,0,0.02,0
704,과실류,포도(캠벨얼리) ,100,54,15.01,0.71,0.13,8.46,1,0,0.03,0
705,과실류,후르츠샐러드 통조림 ,100,82,19.3,0.2,0.4,0,3,0,0,0
706,과실류,후르츠칵테일 통조림 ,100,75,18.52,0.19,0.03,18.9,1,0,0.01,0
707,육류 및 그 제품,구운 거위,100,238,0,28.97,12.67,0,76,96,4.56,0
708,육류 및 그 제품,튀긴 거위간,60,146.4,1.5,17.94,6.9,0,66.6,0,0,0
709,육류 및 그 제품,고기산적 ,100,198,8.4,12.5,12.7,0,0,0,0,0
710,육류 및 그 제품,고래 고기(염장품) ,100,151,0.1,24.4,6.2,0,0,0,0,0
711,육류 및 그 제품,고래 꼬리 ,100,240,0.3,13.8,20.6,0,0,0,0,0
712,육류 및 그 제품,고래 고기 ,100,123,0,23.5,3.5,0,58,0,0,0
713,육류 및 그 제품,고래 꼬리살,100,240,0.3,13.8,20.6,0,0,0,0,0
714,육류 및 그 제품,튀긴 닭 가슴살,100,255,20.2,21,9.7,0,60,0,0,0
715,육류 및 그 제품,튀긴 닭 날개,100,324,10.94,19.87,21.81,0,320,79,5.83,0
716,육류 및 그 제품,튀긴 닭 넓적다리 ,100,218,1.18,28.18,10.3,0,95,102,2.78,0
717,육류 및 그 제품,튀긴 닭 다리,100,316,13.7,18,20.8,0,119,0,0,0
718,육류 및 그 제품,닭육수 ,100,11,0,1.3,0.7,0,13,0,0,0
719,육류 및 그 제품,튀긴 닭 목 ,100,330,8.7,19.82,23.52,0,276,91,6.22,0
720,육류 및 그 제품,튀긴 통닭,100,273,6.1,23.9,17.1,0,377,0,0,0
721,육류 및 그 제품,삶은 닭 간 ,100,167,0.87,24.46,6.51,0,76,563,2.06,0
722,육류 및 그 제품,구운 닭 모래주머니,100,122,0,26.78,2,0,57,314.1,0.97,0
723,육류 및 그 제품,삶은 닭 심장,100,185,0.1,26.41,7.92,0,48,242,2.26,0
724,육류 및 그 제품,삶은 닭 가슴살,100,117,0,28.09,0.93,0,40,74.54,0.37,0
725,육류 및 그 제품,구운 닭 가슴살 ,100,151,0,35.47,1.48,0,61,110.36,0.58,0
726,육류 및 그 제품,구운 닭고기 ,100,233,2.8,27.8,12.6,0,189,0,0,0
727,육류 및 그 제품,구운 닭 날개,100,229,0,26.36,14.08,0,97,116.62,4.26,0
728,육류 및 그 제품,삶은 닭 날개,100,219,0,25.1,13.54,0,62,119.64,4.06,0
729,육류 및 그 제품,구운 닭 넓적다리살,100,224,0,26.33,13.53,0,88,113.23,4.05,0
730,육류 및 그 제품,구운 닭 다리살,100,201,0,28.88,9.92,0,116,142.09,3.09,0
731,육류 및 그 제품,삶은 영계,100,236,0,26.1,15,0,74,0,0,0
732,육류 및 그 제품,삶은 닭 다리살,100,177,0,24.34,9.17,0,76,117.69,2.81,0
733,육류 및 그 제품,구이통닭,60,145.8,0.78,16.68,7.56,0,113.4,0,0,0
734,육류 및 그 제품,튀긴 돈가스,100,369,21.2,16.6,23.7,0,166,0,0,0
735,육류 및 그 제품,구운 바베큐 ,60,103.8,3.84,9.48,5.34,0,800.4,39,0,0
736,육류 및 그 제품,구운 베이컨,100,548,1.35,35.73,43.27,0,2193,107,14.19,0
737,육류 및 그 제품,순대 ,100,122,15,1.4,5.8,0,463,0,0,0
738,육류 및 그 제품,족발,100,261,3.7,26,16,0,362,0,0,0
739,육류 및 그 제품,건조소시지 ,100,497,2.1,25.4,43,0,1400,97,16,0
740,육류 및 그 제품,리용소시지 ,100,192,3.7,14.9,13.1,0,910,49,4.55,0
741,육류 및 그 제품,볼로냐소시지 ,100,251,2.9,12.5,21,0,830,64,7.7,0
742,육류 및 그 제품,위너(비엔나)소시지 ,100,252,9.35,15.27,16.91,1.02,732,63.27,5.63,0
743,육류 및 그 제품,이탈리안소시지 ,100,346,0.65,14.25,31.33,0,731,76,11.27,0
744,육류 및 그 제품,프랑크푸르트소시지 ,100,272,4.4,14.4,21.9,0,656,0,0,0
745,육류 및 그 제품,핫도그소시지,30,82.8,0.87,3.75,6.66,0,246.9,0,0,0
746,육류 및 그 제품,햄,100,127,5.9,16.5,4.2,0,1080,0,0,0
747,육류 및 그 제품,런천미트 ,100,198,7.92,15.43,11.53,1.04,778,54.57,3.68,0
748,육류 및 그 제품,로스 햄,100,124,5.6,16,4.2,0,1000,0,0,0
749,육류 및 그 제품,구운 본레스 햄,100,145,1.5,20.93,5.53,0,1203,53,1.81,0
750,육류 및 그 제품,구운 햄 통조림 ,100,226,0.4,20.5,15.2,0,941,0,0,0
751,육류 및 그 제품,삶은 돼지 간 ,100,165,3.76,26.02,4.4,0,49,355,1.41,0
752,육류 및 그 제품,삶은 돼지 대장 ,100,179,0,11.7,13.8,0,21,210,6.68,0
753,육류 및 그 제품,삶은 돼지 소장(곱창) ,100,171,0,14,11.9,0,13,240,5.93,0
754,육류 및 그 제품,삶은 돼지 신장,100,151,0,25.4,4.7,0,80,480,1.51,0
755,육류 및 그 제품,삶은 돼지 심장 ,100,148,0.4,23.6,5.05,0,35,221,1.34,0
756,육류 및 그 제품,삶은 돼지 족발,100,238,0,21.94,16.05,0,73,107,4.34,0
757,육류 및 그 제품,삶은 돼지 허파,100,99,0,16.6,3.1,0,81,387,1.09,0
758,육류 및 그 제품,구운 돼지 갈비 ,100,368,0,30.1,25.6,0,100,0,0,0
759,육류 및 그 제품,삶은 돼지 갈비 ,100,347,0,24.9,25.7,0,54,0,0,0
760,육류 및 그 제품,구운 돼지 뒷다리,100,197,0,30.21,8.93,0,63,95.9,2.88,0
761,육류 및 그 제품,구운 돼지 등심 ,100,171,0,32.06,5.18,0,49,80.47,2,0
762,육류 및 그 제품,삶은 돼지 등심,100,219,0,36.4,7,0,33,0,0,0
763,육류 및 그 제품,구운 돼지 사태 ,100,198,0,28.47,9.74,0,99,100.19,3.59,0
764,육류 및 그 제품,구운 삼겹살,100,493,3.3,21.9,41.1,0,62,51,0,0
765,육류 및 그 제품,구운 돼지 안심,100,160,0,30.23,4.76,0,57,94.52,1.74,0
766,육류 및 그 제품,구운 돼지 어깨등심,100,297,1.1,23.3,21.4,0,68,0,0,0
767,육류 및 그 제품,돼지 등심 스테이크,100,242,0,27.3,13.9,0,62,0,0,0
768,육류 및 그 제품,양념 돼지 목살,100,129,2.4,14.1,6.9,0,330,0,0,0
769,육류 및 그 제품,안심 스테이크,100,201,0,29.9,8.1,0,64,0,0,0
770,육류 및 그 제품,미트볼 ,100,244,12.5,11.7,16.4,0,520,43,4.25,0
771,육류 및 그 제품,구운 사슴고기 ,100,158,0,30.2,3.2,0,54,0,0,0
772,육류 및 그 제품,양지국물(한우),100,4,0,1,0,0,26,0,0,0
773,육류 및 그 제품,우족국물(우족 26g/물 100ml) ,100,2,0,0.3,0.1,0,14,0,0,0
774,육류 및 그 제품,소 육포 ,100,350,20.2,49,8.2,0,2180,0,0,0
775,육류 및 그 제품,잡뼈국물(한우) ,100,26,0,4.3,1,0,61,0,0,0
776,육류 및 그 제품,삶은 소 간,100,191,5.13,29.08,5.26,0,79,396,2.95,0
777,육류 및 그 제품,조리한 소 신장 ,100,157,0,27.28,5.27,0,123,1002,1.17,0
778,육류 및 그 제품,조리한 소 심장,100,165,0.15,28.48,4.73,0,59,212,1.4,0
779,육류 및 그 제품,삶은 소 허파,100,120,0,20.4,3.7,0,101,277,1.27,0
780,육류 및 그 제품,구운 소고기 갈비,100,400,0,22.57,33.7,0,65,85,13.96,0
781,육류 및 그 제품,삶은 소고기 목심,100,359,0,26.37,27.26,0,64,103,10.86,0
782,육류 및 그 제품,조리된 소고기 사태 ,100,201,0,33.68,6.36,0,64,78,2.29,0
783,육류 및 그 제품,구운 설도  ,100,164,0,28.45,4.67,0,38,74,1.61,0
784,육류 및 그 제품,구운 소고기 안심,100,267,0,26.46,17.12,0,54,97,6.74,0
785,육류 및 그 제품,삶은 소고기 양지,60,121.8,0,11.22,8.22,0,40.2,20.4,0,0
786,육류 및 그 제품,구운 소고기 채끝 ,60,138,0,16.26,7.62,0,34.2,0,0,0
787,육류 및 그 제품,쇠고기소시지,60,109.2,1.32,11.16,6.3,0,793.2,0,0,0
788,육류 및 그 제품,삶은 송아지 간 ,100,192,3.77,28.42,6.26,0,78,511,1.99,0
789,육류 및 그 제품,삶은 송아지 골,100,136,0,11.48,9.63,0,156,3100,2.18,0
790,육류 및 그 제품,삶은 송아지 신장,100,163,0,26.32,5.66,0,110,791,1.74,0
791,육류 및 그 제품,삶은 송아지 심장,100,186,0.13,29.12,6.75,0,58,176,1.82,0
792,육류 및 그 제품,삶은 송아지 허파,100,104,0,18.74,2.64,0,56,263,0.91,0
793,육류 및 그 제품,삶은 송아지 혀,100,202,0,25.85,10.1,0,64,238,4.35,0
794,육류 및 그 제품,구운 송아지 갈비,100,228,0,23.96,13.96,0,92,110,5.41,0
795,육류 및 그 제품,삶은 송아지 갈비,100,251,0,32.43,12.53,0,95,139,4.95,0
796,육류 및 그 제품,구운 송아지 등심 ,100,217,0,24.8,12.32,0,93,103,5.26,0
797,육류 및 그 제품,삶은 송아지 등심,100,284,0,30.19,17.21,0,80,118,6.73,0
798,육류 및 그 제품,볶은 송아지 설도 ,100,212,0,31.8,8.4,0,76,0,0,0
799,육류 및 그 제품,삶은 송아지고기 설도 ,60,126.6,0,21.72,3.78,0,40.2,51,0,0
800,육류 및 그 제품,구운 송아지 어깨,100,183,0,25.46,8.25,0,90,108,3.51,0
801,육류 및 그 제품,삶은 송아지 어깨,100,236,0,33.63,10.24,0,87,148,3.96,0
802,육류 및 그 제품,구운 송아지 채끝,100,202,0,25.14,10.45,0,83,102,4.51,0
803,육류 및 그 제품,삶은 송아지 채끝 ,100,252,0,31.26,13.14,0,79,108,5.18,0
804,육류 및 그 제품,옛날사골곰탕,100,83,1,10,4.3,0,118,0,0,0
805,육류 및 그 제품,스튜,100,118,7.4,6,7.2,0,290,0,0,0
806,육류 및 그 제품,비프스튜,100,385,60,14,10,0,3500,0,0,0
807,육류 및 그 제품,크림스튜,100,119,7.6,4.1,8,0,119,0,0,0
808,육류 및 그 제품,삶은 어린양 간,100,220,2.53,30.57,8.81,0,56,501,3.41,0
809,육류 및 그 제품,구운 어린양 갈비,100,359,0,21.12,29.82,0,73,97,12.77,0
810,육류 및 그 제품,구운 어린양 다리,100,225,0,26.41,12.45,0,65,90,5.09,0
811,육류 및 그 제품,구운 어린양 어깨,100,276,0,22.51,19.97,0,66,92,8.44,0
812,육류 및 그 제품,삶은 어린양 어깨 ,100,344,0,28.68,24.55,0,75,116,10.34,0
813,육류 및 그 제품,돼지고기 완자,100,172,8.9,16.7,7.7,0,0,0,0,0
814,육류 및 그 제품,채소 완자,100,165,9.3,12.9,8.5,0,0,0,0,0
815,육류 및 그 제품,3분미트볼,100,200,21,13,7,0,850,0,0,0
816,육류 및 그 제품,구운 칠면조고기,100,189,0.06,28.55,7.39,0,103,109,2.15,0
817,육류 및 그 제품,조리된 칠면조고기,100,203,0,27.37,10.4,0,78,93,2.67,0
818,육류 및 그 제품,탕수육 ,100,162,18.2,8.2,6.3,0,0,0,0,0
819,육류 및 그 제품,햄버거,100,223,12.3,13.3,13.4,0,490,0,0,0
820,육류 및 그 제품,3분햄버그스테이크,100,180,17,12,7,0,730,0,0,0
821,난류,삶은 거위알,100,179,1,12.7,13.6,0,45,0,0,0
822,난류,삶은 기러기알 ,100,206,4,13.1,14.9,0,138,0,0,0
823,난류,달걀부침(후라이) ,100,199,3.79,15.12,13.46,0.2,162,357.34,3.77,0
824,난류,수란 ,100,164,0.2,12.3,11.7,0.3,110,420,3.21,0
825,난류,스크램블드에그 ,100,149,1.61,9.99,10.98,1.39,145,277,3.33,0
826,난류,삶은 달걀 흰자,100,41,0.4,10.8,0,0,167,0,0,0
827,난류,삶은 달걀 노른자,100,353,2.1,15.5,30.5,0,32,0,0,0
828,난류,삶은 달걀 ,100,136,2.19,13.94,7.97,0.17,140,305.56,2.72,0
829,난류,삶은 메추라기알,100,167,0.1,12,13,0,137,0,0,0
830,난류,오리알 피단 ,100,166,0.5,13.4,12.2,0,850,0,0,0
831,어패류,가다랑어 내장젓 ,100,78,2,12,2,0,5900,0,0,0
832,어패류,가다랑어 통조림 ,100,157,0.3,29,4.8,0,800,0,0,0
833,어패류,반건조 가다랑어,15,55.8,11.19,1.68,0.28,0,0.9,27,0,0
834,어패류,가다랑어,100,118,0.3,25.9,1.8,0,44,0,0,0
835,어패류,튀긴 가다랑어,100,392,1.6,16.3,35.6,0,0,0,0,0
836,어패류,가다랑어(혈합육),100,58,0,8.5,2.4,0,0,0,0,0
837,어패류,가다랑어(흰살),100,72,0,12.4,2.1,0,0,0,0,0
838,어패류,건조 가다랭이,15,54.45,11.19,1.68,0.28,0,0.9,0,0,0
839,어패류,가라지,100,72,0.7,14.8,1.3,0,0,0,0,0
840,어패류,가리비 관자튀김,100,153,16.9,17.6,1,0,0,0,0,0
841,어패류,가리비 가통조림 ,100,105,4.4,21.6,0.3,0,500,0,0,0
842,어패류,가리비(관자),100,98,2.4,20.8,0.8,0,254,0,0,0
843,어패류,마른 가리비 ,100,323,4.4,77.6,0.4,0,2300,0,0,0
844,어패류,삶은 가리비,100,100,1.9,17.6,1.9,0,250,52,0.27,0
845,어패류,가리비 ,100,74,0,15.18,1.73,0.22,735,33.72,0.19,0
846,어패류,튀긴 가리비 ,100,216,10.13,18.07,10.94,0,464,54,2.67,0
847,어패류,건조 가오리 ,100,310,35.8,39.3,0.6,0,0,0,0,0
848,어패류,구운 가자미,100,144,0.2,26.6,3.3,0,240,0,0,0
849,어패류,삶은 가자미,100,114,0.2,20.8,2.7,0,160,0,0,0
850,어패류,갈치  자반,100,175,0.1,26.3,8.1,0,2056,0,0,0
851,어패류,갈치 젓 ,100,175,0,10.4,14.9,0,0,0,0,0
852,어패류,건조 갑오징어,100,315,3.2,66.8,4.7,0,0,0,0,0
853,어패류,건조 개량조개,100,258,7,54.2,2,0,0,0,0,0
854,어패류,삶은 갯가재,100,87,0.3,15.1,3,0,440,0,0,0
855,어패류,조미건조 검복 ,100,280,17.6,47.7,2.3,0,0,0,0,0
856,어패류,삶은 게르치,100,173,0,22.2,8.4,0,80,70,1.14,0
857,어패류,게살,15,45.3,0,10,0.33,0,0,0,0,0
858,어패류,게알젓,100,241,14.5,31.4,6.4,0,0,0,0,0
859,어패류,삶은 고둥,100,275,15.5,47.7,0.8,0,412,0,0,0
860,어패류,자반고등어 ,100,246,6.36,18.99,16.14,0,340,52.64,4.81,0
861,어패류,고등어 통조림 ,100,153,0.1,16.3,9.9,0,890,0,0,0
862,어패류,구운 고등어,100,318,0.4,25.2,22.4,0,120,79,5.87,0
863,어패류,건조 고등어 ,100,379,1,72.4,7.4,0,160,0,0,0
864,어패류,반건조 고등어,100,348,0.2,18.7,28.5,0,680,65,6.89,0
865,어패류,삶은 고등어 ,100,309,0.3,22.6,22.6,0,94,80,6.12,0
866,어패류,어리굴젓 ,100,92,8.1,8.6,2.7,0,2374,0,0,0
867,어패류,튀긴 굴,100,199,11.62,8.77,12.58,0,417,71,3.2,0
868,어패류,굴 통조림 ,100,81,0,14.7,2.7,0,378,0,0,0
869,어패류,굴 훈제통조림 ,100,298,5.6,13.9,24.4,0,600,0,0,0
870,어패류,꼴뚜기 양념젓,100,117,14.8,9.6,1.8,0,1687,0,0,0
871,어패류,꼴뚜기 젓 ,100,81,0.3,16,2,0,1436,0,0,0
872,어패류,꼴뚜기,100,265,1.7,51.3,6.6,0,1060,0,0,0
873,어패류,염장 꽁치 ,100,167,0.2,20.1,9.8,0,4300,0,0,0
874,어패류,꽁치 통조림 ,100,177,2.4,19,10.3,0,500,0,0,0
875,어패류,구운 꽁치 ,100,270,0.2,23.9,17.9,0,130,72,3,0
876,어패류,건조 꽁치 ,100,165,0,22.7,8.6,0,0,0,0,0
877,어패류,찐 꽃게 ,100,83,0,17.88,0.74,0,395,97,0.2,0
878,어패류,튀긴 꽃새우 ,100,242,11.47,21.39,12.28,0.8,344,138,2.09,0
879,어패류,꽃새우 장조림 ,100,234,25.8,25.9,2.6,0,0,0,0,0
880,어패류,꽃새우 젓 ,3,4.02,0.46,0.48,0.01,0,0,0,0,0
881,어패류,꽃새우,100,286,4.1,55.5,5.9,0,3500,0,0,0
882,어패류,찐 꽃새우 ,100,119,1.52,22.78,1.7,0,947,211,0.52,0
883,어패류,구운 농어 ,100,124,0,23.63,2.56,0,87,53,0.65,0
884,어패류,닭게 젓 ,100,56,0.8,12.2,0.6,0,0,0,0,0
885,어패류,삶은 닭게,100,68,0.6,16.1,0.3,0,0,0,0,0
886,어패류,영덕 대게 통조림,100,73,0.2,16.3,0.4,0,670,70,0.04,0
887,어패류,삶은 영덕 대게,100,69,0.1,15,0.6,0,240,61,0.05,0
888,어패류,대게,100,290,2,66.7,2.6,0,0,0,0,0
889,어패류,대구포,100,288,1.8,65.4,3,0,967,0,0,0
890,어패류,염장 반건조 대구 ,100,184,0,45.1,1.1,0,2792,0,0,0
891,어패류,대구 아가미젓 ,100,70,0.6,14.4,1.3,0,7439,0,0,0
892,어패류,염장 대구 ,100,84,0.1,20,0.7,0,0,0,0,0
893,어패류,대구 젓 ,100,60,0,14.7,0.4,0,2562,0,0,0
894,어패류,구운 대구,100,109,0.2,25.2,0.2,0,140,100,0.05,0
895,어패류,건조 대구,100,236,0.3,56,2,0,500,0,0,0
896,어패류,건조 대하,100,340,15.6,62.4,3.5,0,620,0,0,0
897,어패류,염장건조 도루묵  ,100,263,0.2,44.8,9.8,0,1200,0,0,0
898,어패류,둑중개 조림 ,100,302,33.8,29.4,5.5,0,1700,360,0.85,0
899,어패류,삶은 둑중개,100,122,0.2,15.8,5.8,0,90,250,1.01,0
900,어패류,조미건조 말쥐치 ,100,316,34.3,38.7,2.2,0,0,0,0,0
901,어패류,맛살 ,15,52.35,2.16,8.69,0.72,0,0,0,0,0
902,어패류,매끈이고둥 통조림 ,30,25.8,1.23,4.47,0.21,0,156.9,0,0,0
903,어패류,멸치 액젓 ,100,26,0.3,6.5,0,0,5710,0,0,0
904,어패류,멸치 육수 ,100,0,0,0.1,0,0,19,0,0,0
905,어패류,멸치 젓 ,100,158,0.6,14.1,11.2,0,11826,0,0,0
906,어패류,멸치 유지통조림 ,100,169,0,9.7,14.6,0,0,0,0,0
907,어패류,대멸치,100,279,0,59.31,5.45,0,2180,144.14,1.78,0
908,어패류,잔멸치,100,209,0.32,42.94,4.59,0,2646,433.88,1.3,0
909,어패류,중멸치,100,227,1.07,49.69,3.3,0,2377,497.29,1.31,0
910,어패류,건조 노가리 ,100,327,0.9,76.1,3.2,0,625,0,0,0
911,어패류,명란젓 ,100,118,2.7,20.5,3,0,3531,0,0,0
912,어패류,건조 북어,100,267,0,61.7,3.1,0,496,0,0,0
913,어패류,조미포,100,308,29.2,43.9,1.5,0,0,0,0,0
914,어패류,창란젓 ,100,114,8.2,12.9,3.2,0,0,0,0,0
915,어패류,코다리 ,100,100,0.1,21.7,1.7,0,208,0,0,0
916,어패류,구운 코다리,100,102,0,25.2,0.5,0,132,0,0,0
917,어패류,명태 포 ,100,342,0,82.7,2.4,0,482,0,0,0
918,어패류,건조 황태,100,345,0,80.3,3.8,0,499,0,0,0
919,어패류,황태포,100,321,2.8,79,0.4,0,438,0,0,0
920,어패류,구운 명태,100,111,0,23.48,1.18,0,419,86,0.16,0
921,어패류,구운 무지개송어,100,150,0,22.92,5.82,0,56,69,1.62,0
922,어패류,건조 문어 ,100,322,3.6,72,3.1,0,815,0,0,0
923,어패류,삶은 문어,100,99,0.1,21.7,0.7,0,230,150,0.06,0
924,어패류,문절망둑 당조림 ,30,84.3,15.06,4.44,0.39,0,1018.2,0,0,0
925,어패류,문절망둑 장조림 ,100,252,29,28.3,2.1,0,0,0,0,0
926,어패류,삶은 미꾸리 ,100,83,0,17.1,1.2,0,100,220,0.15,0
927,어패류,염장 민어 알,100,279,0,35.1,15.9,0,711,0,0,0
928,어패류,조미건조 민어 ,100,318,35.2,39.8,1.5,0,0,0,0,0
929,어패류,튀긴 민어  ,100,221,7.54,18.2,12.67,0,348,84,3.48,0
930,어패류,구운 민어,100,106,0,23.4,0.8,0,140,85,0.18,0
931,어패류,건조 민어,15,49.05,5.28,5.97,0.22,0,0,0,0,0
932,어패류,구운 바다빙어 ,100,124,0,22.6,3.1,0,77,90,0.58,0
933,어패류,건조 바다빙어,15,57.9,0,9.35,1.97,0,0,0,0,0
934,어패류,찐 바닷가재,100,82,0,16.77,1.2,0,97,133,0.18,0
935,어패류,바지락 장조림 ,100,239,29.1,24.8,2.1,0,0,0,0,0
936,어패류,바지락 젓 ,100,48,1.5,8.5,1,0,0,0,0,0
937,어패류,바지락 통조림 ,100,89,2.1,15.2,2.4,0,0,0,0,0
938,어패류,건조 바지락 ,100,320,0,74,3.7,0,0,0,0,0
939,어패류,건조 박대 ,100,123,0.9,25.6,2.2,0,837,0,0,0
940,어패류,반건조 박대 ,100,96,0.1,21.4,1.4,0,1394,0,0,0
941,어패류,방어 훈제통조림 ,100,309,0.5,27.2,22.4,0,0,0,0,0
942,어패류,구운 방어 ,100,304,0.3,26.2,20.4,0,40,89,4.87,0
943,어패류,백합(대합) 조미통조림 ,100,123,10.9,19.6,0.1,0,2100,0,0,0
944,어패류,구운 백합(대합),100,77,2.8,13.3,1,0,770,65,0.13,0
945,어패류,삶은 백합(대합),100,89,2.9,14.9,1.5,0,490,79,0.19,0
946,어패류,건조 백합,100,350,16.4,58.6,3.7,0,0,0,0,0
947,어패류,밴댕이 젓 ,100,108,0,16.4,4.9,0,0,0,0,0
948,어패류,밴댕이 ,100,282,0.5,48.2,10.3,0,0,0,0,0
949,어패류,구운 뱀장어,100,236,0,23.65,14.95,0,65,161,3.02,0
950,어패류,뱅어포,100,338,1.2,60.4,11,0,680,0,0,0
951,어패류,건조 뱅어 ,100,288,0,56.1,7.9,0,0,0,0,0
952,어패류,보라성게 알젓 ,100,143,7.3,18.3,4.5,0,0,0,0,0
953,어패류,삶은 보리새우,100,124,0,28.2,0.5,0,200,240,0.06,0
954,어패류,보말고둥 조미통조림,30,29.7,1.98,4.89,0.24,0,207,0,0,0
955,어패류,구운 보말고둥 ,100,99,1,21.8,0.3,0,450,0,0,0
956,어패류,삶은 보말고둥,100,100,5.3,18.4,0.7,0,446,0,0,0
957,어패류,구운 볼락 ,100,109,0,22.23,1.62,0,89,61,0.42,0
958,어패류,볼락,100,116,0.7,18.6,4.6,0,0,0,0,0
959,어패류,불동꼴뚜기 조림 ,100,260,22.9,27,6.7,0,1200,390,1.02,0
960,어패류,훈제조미 불동꼴뚜기  ,100,325,21.3,43.1,7.5,0,1500,930,1.15,0
961,어패류,삶은 불동꼴뚜기 ,100,104,0.4,17.7,2.9,0,240,380,0.36,0
962,어패류,구운 붕어,100,171,14.4,18,4.4,0,78,0,0,0
963,어패류,삶은 붕어,100,223,28.6,15.7,4.4,0,51,0,0,0
964,어패류,붕장어 뼈튀김 ,100,563,31.2,14.8,41.3,0,0,0,0,0
965,어패류,빙어장조림 ,100,265,27,26.7,5.1,0,0,0,0,0
966,어패류,빙어,100,175,0,34.2,4.7,0,0,0,0,0
967,어패류,삼치 젓 ,100,98,0,22.7,1.1,0,0,0,0,0
968,어패류,구운 삼치,100,202,0.1,23.6,10.8,0,90,87,2.75,0
969,어패류,새우 육젓 ,100,55,1.9,10.8,0.6,0,8791,0,0,0
970,어패류,새우 추젓 ,100,46,1.2,9.1,0.6,0,9138,0,0,0
971,어패류,새우 토굴대때기젓 ,100,52,1.7,10.1,0.6,0,8155,0,0,0
972,어패류,새우 토굴동백하젓 ,100,48,1.6,8.3,1,0,9173,0,0,0
973,어패류,새우 토굴오젓 ,100,56,2.5,10.8,0.4,0,8634,0,0,0
974,어패류,새우 토굴육젓 ,100,55,1.9,10.8,0.6,0,8791,0,0,0
975,어패류,새우 토굴추젓 ,100,45,1.5,8.9,0.5,0,8794,0,0,0
976,어패류,조미건조 새조개 ,100,295,7.9,57.9,4.1,0,0,0,0,0
977,어패류,건조 새조개 ,100,272,5.2,61.1,1.5,0,0,0,0,0
978,어패류,성게 알젓 ,100,106,13.4,9.2,1.5,0,4091,0,0,0
979,어패류,성게 젓 ,100,127,4.4,21.4,2.8,0,680,0,0,0
980,어패류,성게 가통조림 ,100,138,8.9,14,5.1,0,0,0,0,0
981,어패류,소라 통조림 ,100,123,10.9,19.6,0.1,0,0,0,0,0
982,어패류,염장 송어 ,100,219,0.8,36,8.4,0,0,0,0,0
983,어패류,송어 젓 ,100,153,0,24.8,6.3,0,4049,0,0,0
984,어패류,송어 통조림 ,100,150,0,18.2,8.8,0,750,0,0,0
985,어패류,염장건조 숭어 ,100,423,0.3,40.4,28.9,0,1400,860,2.68,0
986,어패류,구운 숭어,100,150,0,24.81,4.86,0,71,63,1.43,0
987,어패류,시바새우(중하) 젓 ,100,86,0.3,15.8,2.6,0,0,0,0,0
988,어패류,조미건조 시바새우(중하)  ,100,328,46.7,28.5,2,0,0,0,0,0
989,어패류,시바새우(중하) 통조림 ,100,92,0.6,21.5,0.7,0,540,0,0,0
990,어패류,시바새우(중하) ,100,279,2.9,54.4,6.2,0,0,0,0,0
991,어패류,아가미젓,100,70,0.6,14.4,1.3,0,7439,0,0,0
992,어패류,아미 젓 ,100,57,0.3,12,0.5,0,0,0,0,0
993,어패류,아미 조림 ,30,63.3,6.9,7.11,0.51,0,0,0,0,0
994,어패류,건조 아미,15,42,0.33,7.36,1.02,0,0,0,0,0
995,어패류,구운 애꼬치 ,100,145,0.1,23.3,4.9,0,150,83,1.36,0
996,어패류,건조 양미리 ,100,198,1.2,29.9,8.5,0,128,0,0,0
997,어패류,어단,100,142,17.7,11.8,2.3,0,749,0,0,0
998,어패류,어란젓,100,234,3.5,30.3,9.8,0,0,0,0,0
999,어패류,염장건조 연어 ,100,243,3.4,27.3,13.6,0,1246,0,0,0
1000,어패류,연어다시마조림,30,126.3,2.46,10.23,7.77,0,0,0,0,0
1001,어패류,염장 연어 ,100,137,0.3,23.2,5.1,0,2300,0,0,0
1002,어패류,연어 젓 ,100,143,0.3,21.8,5.3,0,3200,0,0,0
1003,어패류,연어 찌기절임,25,39.25,0,6.03,1.48,0,625,0,0,0
1004,어패류,훈제 연어 ,100,160,0.3,23,7.7,0,793,0,0,0
1005,어패류,연어 통조림 ,100,127,0.3,20,5.4,0,0,0,0,0
1006,어패류,구운 연어,100,198,0.1,29.3,7.9,0,830,95,1.22,0
1007,어패류,연어알 ,100,235,0.8,25,15,0,0,0,0,0
1008,어패류,오징어 내장젓 ,100,97,5,16,1.5,0,0,0,0,0
1009,어패류,오징어 당조림 ,100,298,43,22,3,0,0,0,0,0
1010,어패류,오징어 양념젓,100,125,13.3,12.3,2.3,0,2374,0,0,0
1011,어패류,오징어 젓 ,100,72,2,14.3,0.9,0,3907,0,0,0
1012,어패류,오징어 조미구이 ,100,302,26.6,40.1,3.7,0,1685,0,0,0
1013,어패류,오징어 조미포 ,100,272,0.4,63.5,2.7,0,930,0,0,0
1014,어패류,오징어 훈제조미품,100,204,12.4,34.4,2,0,1228,0,0,0
1015,어패류,구운 오징어,100,109,0.1,23.6,1,0,330,350,0.12,0
1016,어패류,건조 오징어,100,325,0.2,67.8,6.9,0,980,0,0,0
1017,어패류,삶은 오징어 ,100,103,0.3,21.2,1.3,0,310,320,0,0
1018,어패류,튀긴 오징어 ,100,175,7.79,17.94,7.48,0,306,260,1.88,0
1019,어패류,훈제 오징어,100,244,17.6,35.2,2.5,0,0,0,0,0
1020,어패류,구운 옥돔,100,119,0,22.5,2.6,0,110,89,0.58,0
1021,어패류,반건조 옥돔,100,96,0,19.5,2.3,0,0,0,0,0
1022,어패류,삶은 옥돔 ,100,125,0,20.7,4,0,91,71,0.87,0
1023,어패류,왕게 통조림 ,30,27.6,0.72,5.52,0.15,0,180,0,0,0
1024,어패류,삶은 왕게 ,100,80,0.3,17.5,0.5,0,310,53,0.05,0
1025,어패류,은어 내장젓 ,100,124,0.8,11.4,8.5,0,6900,0,0,0
1026,어패류,은어 당조림 ,30,88.5,7.92,7.59,2.55,0,0,0,0,0
1027,어패류,구운 은어 내장  ,100,194,0.4,23,10.1,0,170,230,3.26,0
1028,어패류,구운 은어 ,100,177,0.1,26.6,6.8,0,110,140,0.98,0
1029,어패류,염장 임연수어 ,100,187,0.2,17.6,13.1,0,151,0,0,0
1030,어패류,반건조 임연수어 ,100,176,0.1,20.6,9.4,0,690,86,1.99,0
1031,어패류,삶은 잉어,100,208,0.2,19.2,13.4,0,47,100,2.65,0
1032,어패류,구운 장문볼락 ,100,96,0,18.51,1.87,0,347,63,0.33,0
1033,어패류,염장건조 전갱이 ,100,243,0.7,46,6.9,0,0,0,0,0
1034,어패류,조미반건조 전갱이 ,100,168,0.1,20.2,8.8,0,670,73,2.35,0
1035,어패류,구운 조미반건조 전갱이,100,220,0.1,24.6,12.3,0,770,96,3.23,0
1036,어패류,전갱이 조미통조림 ,100,134,17.9,14.7,0.1,0,900,0,0,0
1037,어패류,구운 전갱이,100,170,0.1,25.9,6.4,0,180,94,1.57,0
1038,어패류,삶은 전갱이 ,100,151,0.1,22.4,5.9,0,130,81,1.45,0
1039,어패류,전복 젓 ,100,95,1,12.2,4.8,0,2000,0,0,0
1040,어패류,전복 조미통조림 ,100,134,17.9,14.7,0.1,0,900,0,0,0
1041,어패류,삶은 전복 통조림,100,96,7.3,16.3,0.2,0,600,0,0,0
1042,어패류,건조 전복 ,100,235,2.3,56,0.9,0,3000,0,0,0
1043,어패류,튀긴 전복,100,189,11.05,19.63,6.78,0,591,94,1.65,0
1044,어패류,전어 젓 ,100,122,0.5,15.3,6.7,0,0,0,0,0
1045,어패류,구운 점줄우럭 ,100,118,0,24.84,1.3,0,53,47,0.3,0
1046,어패류,백하젓 ,100,51,0.7,10.4,0.9,0,6200,0,0,0
1047,어패류,젓새우 조림 ,100,233,35.1,19.1,1.8,0,2700,120,0.3,0
1048,어패류,건조 젓새우,15,44.7,0.41,6.86,1.5,0,450,0,0,0
1049,어패류,염장건조 정어리  ,100,175,0.5,29.6,6.5,0,2400,0,0,0
1050,어패류,염장 정어리  ,100,142,0.2,23.3,5.7,0,0,0,0,0
1051,어패류,정어리 조미통조림 ,100,119,0.4,16.5,5.9,0,450,0,0,0
1052,어패류,정어리 토마토통조림 ,100,151,1.5,22.2,5.4,0,0,61,0,0
1053,어패류,정어리 통조림 ,100,119,0.3,19.3,4.8,0,651,0,0,0
1054,어패류,구운 정어리,100,196,0.2,25.3,9.4,0,100,80,2.53,0
1055,어패류,건조 정어리 ,100,313,0.6,45.6,14.8,0,0,0,0,0
1056,어패류,삶은 정어리,100,178,0.2,22.4,8.7,0,80,68,2.37,0
1057,어패류,정어리 ,100,113,0.2,23.1,1.6,0,1600,240,0.26,0
1058,어패류,굴비 ,100,311,0.4,44.4,15.2,0,412,0,0,0
1059,어패류,조기 젓 ,100,75,2,15.9,0.6,0,0,0,0,0
1060,어패류,게맛살 어묵 ,100,114,15.2,10.8,0.8,0,792,0,0,0
1061,어패류,배소어묵 ,30,43.5,4.68,4.62,0.51,0,0,0,0,0
1062,어패류,어묵 육수(국물),100,3,0.4,0,0.1,0,77,0,0,0
1063,어패류,찐 어묵,100,99,12.4,10.2,0.7,0,685,0,0,0
1064,어패류,튀긴 어묵 ,100,142,17.7,11.8,2.3,0,749,0,0,0
1065,어패류,어육소시지 ,100,178,17.79,9.01,7.45,0,584,20.36,2.73,0
1066,어패류,구운 어육햄,30,75.6,5.4,4.38,3.72,0,0,0,0,0
1067,어패류,찐 어육햄,30,34.5,1.35,4.2,1.2,0,0,0,0,0
1068,어패류,튀긴 어육햄,30,42.6,2.55,3.6,1.8,0,0,0,0,0
1069,어패류,어육혼합핫도그소시지 ,30,47.7,3.87,2.91,2.07,0,0,0,0,0
1070,어패류,쥐치 포,100,329,34.3,41.8,2.3,0,1504,0,0,0
1071,어패류,구운 진주담치  ,100,172,7.39,23.8,4.48,0,369,56,0.85,0
1072,어패류,참다랑어 샐러드 ,100,187,9.41,16.04,9.26,0,402,13,1.54,0
1073,어패류,참다랑어 유지통조림 ,100,182,0,22.31,10.6,0,157,42.95,0.88,0
1074,어패류,구운 참다랑어,100,184,0,29.91,6.28,0,50,49,1.61,0
1075,어패류,건조 참다랑어 ,15,48.45,0,11.07,0.18,0,0,0,0,0
1076,어패류,구운 참돔,100,210,0.1,22.7,12,0,55,91,2.88,0
1077,어패류,삶은 참돔 ,100,206,0.1,22.2,11.9,0,50,90,2.88,0
1078,어패류,염장건조 청어  ,100,89,0.6,15,3,0,480,230,0.52,0
1079,어패류,염장 청어 ,100,150,0.2,17.5,9,0,538,0,0,0
1080,어패류,훈제 청어 ,100,305,0,23.1,22.1,0,3900,86,4.53,0
1081,어패류,건조 청어,100,393,1,44.5,24,0,1300,0,0,0
1082,어패류,건조 청어 알,100,385,0.5,65.2,13.6,0,1400,1000,2.37,0
1083,어패류,청어 ,100,115,0,18.7,4.7,0,0,0,0,0
1084,어패류,건조 칠성장어,100,393,0.5,33.3,29,0,130,0,0,0
1085,어패류,삶은 크릴 ,100,104,0.4,17.7,2.9,0,240,380,0.36,0
1086,어패류,피조개 조미통조림 ,100,115,7.8,18,1.3,0,0,0,0,0
1087,어패류,조미건조 학공치 ,100,322,17.7,59.1,2,0,0,0,0,0
1088,어패류,해삼 내장젓 ,100,42,0.8,7.7,1,0,4100,0,0,0
1089,어패류,염장 해삼 ,100,34,2.4,4.9,0.5,0,6000,0,0,0
1090,어패류,해삼 젓 ,100,32,2.5,5.5,0,0,0,0,0,0
1091,어패류,건조 해삼,100,321,3,77.6,0.9,0,2842,0,0,0
1092,어패류,염장 해파리,25,8.75,0.6,1.23,0.12,0,1500,0,0,0
1093,어패류,해파리젓,100,33,2.5,5.5,0,0,0,0,0,0
1094,어패류,훈제 홍연어  ,100,161,0.1,25.7,5.5,0,1500,50,0.97,0
1095,어패류,구운 홍연어 ,100,177,0.1,28.5,6,0,72,76,1.06,0
1096,어패류,홍합(참담치) 통조림 ,100,87,1.3,15.8,2.3,0,0,0,0,0
1097,어패류,홍합(참담치),100,369,14.1,56.1,10.2,0,499,0,0,0
1098,어패류,황다랑어 통조림 ,30,33.6,0.09,6.48,0.63,0,0,0,0,0
1099,어패류,황새치 젓 ,100,116,2.7,15.7,4.8,0,7683,0,0,0
1100,어패류,구운 황새치,100,172,0,23.45,7.93,0,97,78,1.91,0
1101,해조류,건조 곰피 ,100,141,54.7,12.9,1.3,0,0,0,0,0
1102,해조류,김 ,100,179,36.5,42.3,4.7,0,258,0,0,0
1103,해조류,맛김 ,100,307,4.82,37.69,49.23,0.52,1299,0,4.11,0
1104,해조류,김 조림 ,2,0.74,0.25,0.09,0.01,0,0,0,0,0
1105,해조류,초밥김 ,100,151,40.9,32.7,0.8,0,120,0,0,0
1106,해조류,조선김 ,100,163,36.4,41.8,1.5,0,859,0,0,0
1107,해조류,구운 참김 ,100,174,41.7,43.3,0.9,0,491,0,0,0
1108,해조류,다시마말이 ,1,0.74,0.31,0.03,0.01,0,0,0,0,0
1109,해조류,염장 다시마 ,100,16,6,1.2,0.3,0,10854,0,0,0
1110,해조류,다시마 육수 ,100,1,0.3,0.1,0,0,31,0,0,0
1111,해조류,튀각 ,100,228,58.8,3.6,23,0,1383,0,0,0
1112,해조류,다시마,1,1.17,0.49,0.07,0.01,0,0,0,0,0
1113,해조류,건조 다시마,100,110,45.2,7.4,1.1,0,3100,0,0,0
1114,해조류,다시마 조림 ,100,51,17.5,6.3,0.7,0,0,0,0,0
1115,해조류,건조 대황,100,145,64.5,7.3,0.2,0,2900,0,0,0
1116,해조류,건조 뜸부기,100,128,52.1,6.1,2.5,0,0,0,0,0
1117,해조류,건조 매생이 ,100,125,40.6,20.6,0.5,0,0,0,0,0
1118,해조류,염장 모자반  ,100,18,5.4,3.1,0.2,0,0,0,0,0
1119,해조류,"모자반, 마른것 ",100,129,45.7,15.2,1.7,0,0,0,0,0
1120,해조류,미역  ,100,34,8.8,6,0.9,0,0,0,0,0
1121,해조류,데친 미역 ,100,35,9.3,6,0.9,0,13000,0,0,0
1122,해조류,미역 튀각 ,100,283,46.21,9.75,38.02,9.27,1038,0,5.6,0
1123,해조류,삶은 염장 미역 줄기,100,15,5.5,1.1,0.3,0,3100,0,-0.02,0
1124,해조류,삶은 미역 줄기,30,4.5,1.65,0.33,0.09,0,930,0,0,0
1125,해조류,미역 줄기,100,14,4.6,1.8,0.2,0,520,0,0,0
1126,해조류,건조 미역,100,126,36.3,20,2.9,0,6100,0,0,0
1127,해조류,건조 물미역,5,5.5,2.41,0.3,0.01,0,0,0,0,0
1128,해조류,미역(양식),100,15,5,2.1,0.2,0,0,0,0,0
1129,해조류,건조 불등풀가사리,100,147,55.7,16.5,0.6,0,0,0,0,0
1130,해조류,건조 비단풀 ,100,153,64.1,12,0.2,0,0,0,0,0
1131,해조류,건조 석묵 ,100,38,9.1,9.6,0.2,0,0,0,0,0
1132,해조류,우뭇가사리 한천 ,100,154,74.6,2.3,0.1,0,0,0,0,0
1133,해조류,우뭇가사리 우무(묵),100,2,0.8,0.1,0,0,0,0,0,0
1134,해조류,건조 진두발,100,119,53.5,2.5,1.5,0,551,0,0,0
1135,해조류,건조 청각,100,156,62.6,13.8,0.8,0,0,0,0,0
1136,해조류,건조 청태,100,180,68.7,20.7,0.3,0,530,0,0,0
1137,해조류,건조 클로렐라 ,100,174,25.7,45.3,7.2,0,0,0,0,0
1138,해조류,건조 톳,100,81,32,6.6,0.8,0,0,0,0,0
1139,해조류,톳,100,14,4,1.9,0.4,0,0,0,0,0
1140,해조류,염장건조 톳,100,135,59.7,6.2,0.8,0,0,0,0,0
1141,해조류,건조 가시파래 ,100,136,46.5,20,0.7,0,110,0,0,0
1142,해조류,건조 갈파래 ,100,129,40.1,23.1,0.5,0,0,0,0,0
1143,해조류,건조 파래,100,144,46.7,23.8,0.6,0,0,0,0,0
1144,우유 및 유제품,모유 ,100,65,7.2,1.1,3.5,6.4,15,15,1.32,0
1145,우유 및 유제품,분유(1단계) ,100,524,56.88,12.41,25.75,49.01,164,50.95,11.35,0
1146,우유 및 유제품,분유(2단계) ,100,522,56.93,12.63,25.38,49,171,53.05,11.34,0
1147,우유 및 유제품,분유(3단계) ,100,491,56.04,16.91,20.65,43.85,185,61.33,9.35,0
1148,우유 및 유제품,분유(전지) ,100,514,39.07,25.46,27.32,38.63,322,83.8,18.02,0
1149,우유 및 유제품,분유(탈지) ,100,364,53.16,33.88,0.97,46.17,432,26.15,0.63,0
1150,우유 및 유제품,산양유 ,100,62,4.03,3.16,3.62,3.48,40,16.47,2.47,0
1151,우유 및 유제품,샤베트 ,100,127,28.7,0.9,1,0,13,1,0.77,0
1152,우유 및 유제품,아이스밀크 ,100,167,23.9,3.4,6.4,0,75,18,4.64,0
1153,우유 및 유제품,아이스크림(유지방 12%) ,100,212,22.4,3.5,12,17,80,32,-6.96,0
1154,우유 및 유제품,아이스크림(딸기맛) ,100,192,27.6,3.2,8.4,4.43,60,29,5.19,0
1155,우유 및 유제품,아이스크림(바닐라맛) ,100,185,22.25,4.98,7.83,17.3,70,28.77,5.26,0
1156,우유 및 유제품,아이스크림(소프트 바닐라맛) ,100,207,23.6,3.5,11,21.22,80,44,6.79,0
1157,우유 및 유제품,아이스크림(초콜렛맛) ,100,216,28.2,3.8,11,25.36,76,34,6.8,0
1158,우유 및 유제품,연유(가당) ,100,382,66.3,7.76,7.84,51.88,101,26.95,5.18,0
1159,우유 및 유제품,연유(무가당) ,100,129,13.12,5.56,5.73,5.05,87,2.39,2.51,0
1160,우유 및 유제품,요구르트,100,69,15.23,1.29,0.02,12.49,17,0.59,0.02,0
1161,우유 및 유제품,요구르트(딸기맛) ,100,99,15.53,2.95,2.46,14.46,41,8.15,1.57,0
1162,우유 및 유제품,요구르트(무가당) ,100,69,3.36,5.18,3.84,4.59,46,13.64,2.46,0
1163,우유 및 유제품,요구르트(가당) ,100,96,15.5,3.2,2.5,0,55,4,0,0
1164,우유 및 유제품,우유 ,100,66,5.53,3.08,3.32,4.12,36,9.69,2.17,0
1165,우유 및 유제품,우유(고지방),200,146,10.4,7,8.4,0,110,0,0,0
1166,우유 및 유제품,우유(고칼슘) ,100,64,6.53,2.98,2.77,3.85,37,14.61,1.87,0
1167,우유 및 유제품,우유(딸기맛) ,100,71,12.34,2.29,1.12,8.13,30,5.47,0.75,0
1168,우유 및 유제품,우유(바나나맛) ,100,93,13.13,2.63,3.02,9.18,34,11.91,2.03,0
1169,우유 및 유제품,우유(저지방) ,100,42,4.86,3.43,0.9,3.59,37,9.1,0.59,0
1170,우유 및 유제품,우유(초코맛) ,100,74,12.14,2.61,1.41,8.16,32,5.51,0.93,0
1171,우유 및 유제품,우유(커피맛) ,100,64,9.82,2.44,1.38,6.86,29,6.78,0.9,0
1172,우유 및 유제품,우유(탈지) ,200,66,9.4,6.8,0.2,0,100,6,0,0
1173,우유 및 유제품,가공 치즈 ,20,64,1.1,3.66,4.84,0,226.8,15.6,0,0
1174,우유 및 유제품,모짜렐라 치즈,100,286,5.39,28.02,16.89,0.9,424,62.85,11.23,0
1175,우유 및 유제품,자연 치즈 ,20,65.2,0.34,5.26,4.56,0,62,0,0,0
1176,우유 및 유제품,체다 치즈 ,100,294,6.17,18.76,21.3,0.24,928,64.62,14.46,0
1177,우유 및 유제품,카테지 치즈,100,105,1.9,13.3,4.5,0.5,400,20,2.73,0
1178,우유 및 유제품,크림 치즈  ,100,350,5.52,6.15,34.44,3.76,314,101,20.21,0
1179,우유 및 유제품,파마산 치즈 ,100,420,13.91,28.42,27.84,0.07,1804,86,15.37,0
1180,우유 및 유제품,치즈,20,67,0.2,4,5.6,0,193.2,0,0,0
1181,우유 및 유제품,크림(유지방 38%) ,100,380,3.1,2,39.2,0,21,0,0,0
1182,우유 및 유제품,휘핑크림,100,400,4.7,2,40.7,0,62,0,0,0
1183,음료 및 주류,결명자차,100,391,67,19.8,4.9,0,5,0,0,0
1184,음료 및 주류,구기자차,100,384,57.2,14.6,10.7,0,162,0,0,0
1185,음료 및 주류,구절초차 ,100,345,72.1,11.1,1.3,0,46,0,0,0
1186,음료 및 주류,국화차 ,100,358,69.9,14.5,2.3,0,54,0,0,0
1187,음료 및 주류,녹차(안동),100,329,63.3,16.8,1,0,26,0,0,0
1188,음료 및 주류,녹차(보성) ,100,388,64.17,26.66,2.73,0,10,0,0.66,0
1189,음료 및 주류,다래나무순차,100,1,0.1,0.1,0,0,7,0,0,0
1190,음료 및 주류,대추차 ,100,75,17.75,0.12,0.44,12.4,30,0,0.04,0
1191,음료 및 주류,도라지차  ,100,22,5.1,0.3,0,0,7,0,0,0
1192,음료 및 주류,돌복숭아주(알코올 13%) ,100,35,7.2,0.1,0.6,0,69,0,0,0
1193,음료 및 주류,둥글레차,100,1,0.27,0,0.01,0,0,0,0,0
1194,음료 및 주류,드라이진(알코올 47%) ,100,284,0.1,0,0,0,0,0,0,0
1195,음료 및 주류,럼(알코올 40%) ,100,240,0.1,0,0,0,3,0,0,0
1196,음료 및 주류,레몬에이드 ,100,38,9.56,0,0,8.71,1,0,0,0
1197,음료 및 주류,마늘쑥음료,200,196,48.2,2.2,0,0,0,0,0,0
1198,음료 및 주류,마늘호박음료,200,150,36.8,1.6,0.2,0,0,0,0,0
1199,음료 및 주류,막걸리(알코올 6%) ,100,54,1.56,0.98,0.15,0.52,3,0,0.06,0
1200,음료 및 주류,매실주(알코올 13%) ,100,156,20.7,0.1,0,0,4,0,0,0
1201,음료 및 주류,맥주(알코올 4.5%) ,100,46,3.27,0.21,0.01,0.17,2,0,0,0
1202,음료 및 주류,흑맥주(알코올 4.2%) ,100,46,3.6,0.4,0,0,3,0,0,0
1203,음료 및 주류,생맥주,355,131.35,11.01,1.77,0,0,31.95,0,0,0
1204,음료 및 주류,합성맥주,355,131.35,9.94,0.71,0,0,0,0,0,0
1205,음료 및 주류,보드카(알코올 50%),100,240,0,0,0,0,0,0,0,0
1206,음료 및 주류,보리차,100,0,0.07,0,0,0,1,0,0,0
1207,음료 및 주류,브랜디(알코올 40%) ,100,237,0,0,0,0,4,0,0,0
1208,음료 및 주류,사과차,100,167,41.6,0.1,0,0,34,0,0,0
1209,음료 및 주류,산채발효음료,100,28,5.67,0.99,0.11,1.88,27,0,0.02,0
1210,음료 및 주류,상지차,100,360,78.6,6,2.4,0,7,0,0,0
1211,음료 및 주류,생강음료,200,106,24.4,0.8,0.6,0,0,0,0,0
1212,음료 및 주류,샴페인(알코올 6%) ,100,45,0.5,0,0,0,0,0,0,0
1213,음료 및 주류,쉐이크(딸기맛) ,100,113,18.9,3.4,2.8,0,83,11,1.73,0
1214,음료 및 주류,쉐이크(바닐라맛) ,100,148,19.59,3.37,6.52,13.63,81,23,3.96,0
1215,음료 및 주류,쉐이크(초콜렛맛) ,100,119,21.15,3.05,2.7,20.85,111,11,1.68,0
1216,음료 및 주류,식혜 ,100,32,7.91,0.06,0,5.94,2,0,0,0
1217,음료 및 주류,쌀음료,100,54,11.4,0.2,0.8,0,6,0,0,0
1218,음료 및 주류,쑥차 ,100,338,56.4,26.3,0.8,0,153,0,0,0
1219,음료 및 주류,알로에음료,100,37,11.09,0,0,9.21,20,0,0,0
1220,음료 및 주류,야콘차,100,98,24,0.6,0,0,33,0,0,0
1221,음료 및 주류,오가피주(알코올 13%) ,100,107,1.9,1.7,0,0,14,0,0,0
1222,음료 및 주류,오미자차 ,100,371,60.8,16.3,7,0,11,0,0,0
1223,음료 및 주류,우롱차 ,100,0,0.1,0,0,0,1,0,0,0
1224,음료 및 주류,위스키(알코올 40%) ,100,284,0.07,0.03,0,0.02,1,0,0,0
1225,음료 및 주류,유자차,100,72,18.05,0.03,0.01,13.6,6,0,0,0
1226,음료 및 주류,이온음료 ,100,37,9.16,0,0,5.64,44,0,0,0
1227,음료 및 주류,인삼차,100,394,96.7,0.9,0.4,0,23,0,0,0
1228,음료 및 주류,장군차 ,100,361,59.9,28,1,0,9,0,0,0
1229,음료 및 주류,진(알코올 37%),100,284,0.1,0,0,0,0,0,0,0
1230,음료 및 주류,청주(알코올 16%) ,100,132,4.24,0.41,0,3.29,3,0,0,0
1231,음료 및 주류,치커리차,100,369,84.6,7.3,0.2,0,175,0,0,0
1232,음료 및 주류,칠보식,100,386,83.6,9,1.7,0,3,0,0,0
1233,음료 및 주류,칵테일 데이커리,100,125,15.7,0,0,0,40,0,0,0
1234,음료 및 주류,칵테일 데킬라썬라이즈 ,100,110,11.3,0.3,0.1,0,57,0,0,0
1235,음료 및 주류,칵테일 마티니(알코올 32%) ,100,223,0.3,0,0,0,3,0,0,0
1236,음료 및 주류,칵테일 버번앤소다 ,100,105,0,0,0,0,16,0,0,0
1237,음료 및 주류,칵테일 블러드메리 ,100,17,3.5,0.5,0.1,0,224,0,0,0
1238,음료 및 주류,칵테일 스크류드라이버(알코올 6.6%) ,100,83,8.6,0.5,0,0,1,0,0,0
1239,음료 및 주류,칵테일 위스키사우어(알코올 16.8%)  ,100,149,13.17,0,0.03,0,20,0,0,0
1240,음료 및 주류,칵테일 진토닉(알코올 7.1%) ,100,78,7,0,0,0,4,0,0,0
1241,음료 및 주류,칵테일 페퍼민트(알코올 20%) ,100,302,37.6,0,0,0,4,0,0,0
1242,음료 및 주류,칵테일 피나콜라다(알코올 9.9%)  ,100,237,27.6,0.6,7.6,0,71,0,6.57,0
1243,음료 및 주류,칵테일 맨하탄,100,225,3.2,0.1,0,0,3,0,0,0
1244,음료 및 주류,커피 아메리카노,100,4,0.7,0.2,0,0,1,0,-0.01,0
1245,음료 및 주류,캔 커피 ,100,38,8.34,0.81,0.12,7.06,37,0,0.09,0
1246,음료 및 주류,믹스커피(커피믹스 12g),100,48,10.9,0.4,0.3,0,3,0,0,0
1247,음료 및 주류,커피음료,200,6,0.8,80.2,0,0,2,0,0,0
1248,음료 및 주류,레몬소다(설탕 12.3g) ,100,44,10.88,0,0,9.19,2,0,0,0
1249,음료 및 주류,사이다 ,100,40,9.98,0,0,8.81,1,0,0,0
1250,음료 및 주류,소다수 ,100,0,0,0,0,0,21,0,0,0
1251,음료 및 주류,오렌지소다(설탕 12.3g) ,100,48,12.08,0,0,10.72,3,0,0,0
1252,음료 및 주류,저칼로리콜라 ,100,2,0.29,0.11,0.03,0,8,0,0,0
1253,음료 및 주류,진저에일(설탕 12.3g) ,100,34,8.76,0,0,8.9,7,0,0,0
1254,음료 및 주류,콜라 ,100,38,9.46,0,0,9.03,2,0,0,0
1255,음료 및 주류,크림소다(설탕 12.3g) ,100,51,13.3,0,0,13.3,12,0,0,0
1256,음료 및 주류,파인애플소다(설탕 12.3g) ,100,46,11.3,0,0.1,0,7,0,0,0
1257,음료 및 주류,포도소다(설탕 12.3g) ,100,52,13.07,0,0,11.17,0,0,0,0
1258,음료 및 주류,토닉워터 ,100,34,8.8,0,0,8.8,12,0,0,0
1259,음료 및 주류,백포도주(알코올 12%) ,100,96,2.4,0.2,0,0,5,0,0,0
1260,음료 및 주류,적포도주(알코올 12%) ,100,105,4.8,0.2,0,0,6,0,0,0
1261,음료 및 주류,단포도주,65,79.95,7.93,0.06,0,0,1.95,0,0,0
1262,음료 및 주류,현미녹차,100,377,77.42,11.72,2.28,0,21,0,0.59,0
1263,음료 및 주류,레몬 홍차,100,33,8.3,0,0,0,2,0,0,0
1264,음료 및 주류,캔 홍차 ,100,30,7.3,0.1,0,0,2,0,0,0
1265,음료 및 주류,티백 홍차,100,311,51.7,20.3,2.5,0,3,0,0,0
1266,조리가공식품류,간짜장,100,127,20.6,3.4,3.4,0,418,0,0,0
1267,조리가공식품류,갈비탕,100,40,1.3,4.6,1.8,0,286,0,0,0
1268,조리가공식품류,건새우볶음,15,49.35,4.28,3.51,2.01,0,147.15,0,0,0
1269,조리가공식품류,고추잡채,100,128,13.1,5.5,6,0,414,0,0,0
1270,조리가공식품류,골뱅이무침 ,100,113,15.7,7.1,2,0,526,0,0,0
1271,조리가공식품류,곰탕,100,83,1,10,4.3,0,118,0,0,0
1272,조리가공식품류,김말이튀김,100,251,32.1,2.4,12.5,0,393,0,0,0
1273,조리가공식품류,김치김밥 ,100,138,24.3,4.4,2.6,0,458,0,0,0
1274,조리가공식품류,샐러드김밥,100,162,24.6,3.8,5.4,0,364,0,0,0
1275,조리가공식품류,소고기김밥,100,161,25,6.4,3.9,0,424,0,0,0
1276,조리가공식품류,김밥,100,158,28.8,3.6,3.2,0,417,0,0,0
1277,조리가공식품류,참치김밥,100,167,24.5,5.8,5.1,0,346,0,0,0
1278,조리가공식품류,열무김치 ,100,18,2.91,1.41,0.07,1.68,493,0,0.02,0
1279,조리가공식품류,배추김치 ,100,17,3,1,0.1,0,452,0,0,0
1280,조리가공식품류,김치찌개 ,100,61,3,3.8,3.8,0,491,0,0,0
1281,조리가공식품류,깐풍기,100,295,18.9,13.1,18.5,0,329,0,0,0
1282,조리가공식품류,깻잎장아찌 ,100,124,26,4.03,0.42,16.41,1809,0,0.06,0
1283,조리가공식품류,꼬리곰탕 ,100,110,0.7,14.6,5.4,0,109,0,0,0
1284,조리가공식품류,난자완스 ,100,173,9.6,10.8,10.2,0,352,0,0,0
1285,조리가공식품류,내장탕 ,100,78,1.9,7.8,4.3,0,334,0,0,0
1286,조리가공식품류,닭꼬치 ,100,255,19.1,16.5,12.2,0,410,0,0,0
1287,조리가공식품류,불고기덮밥,100,134,20.5,5.7,3.2,0,300,0,0,0
1288,조리가공식품류,오징어 덮밥,100,136,21.5,6.3,2.8,0,325,0,0,0
1289,조리가공식품류,제육덮밥 ,100,156,23.1,6,4.4,0,308,0,0,0
1290,조리가공식품류,참치덮밥 ,100,135,20.6,5.8,3.3,0,324,0,0,0
1291,조리가공식품류,회덮밥 ,100,137,20.7,6,3.3,0,149,0,0,0
1292,조리가공식품류,도가니탕 ,100,72,0.6,12.6,2.1,0,75,0,0,0
1293,조리가공식품류,동태찌개,100,46,1.3,5.8,2,0,322,0,0,0
1294,조리가공식품류,돼지고기볶음,100,175,9.1,11.5,10.3,0,526,0,0,0
1295,조리가공식품류,된장찌개,100,37,3.4,2.9,1.3,0,505,0,0,0
1296,조리가공식품류,떡만둣국 ,100,89,15.8,2.9,1.6,0,283,0,0,0
1297,조리가공식품류,떡볶이,100,151,30.2,3.8,1.7,0,427,0,0,0
1298,조리가공식품류,라조기,100,199,13.1,10.3,11.7,0,324,0,0,0
1299,조리가공식품류,마늘쫑무침 ,100,118,27.34,1.96,0.14,13.85,1410,0,0.04,0
1300,조리가공식품류,마파두부,100,114,5.4,7.6,6.9,0,346,0,0,0
1301,조리가공식품류,막국수,100,109,20.9,3.8,1.1,0,273,0,0,0
1302,조리가공식품류,고기만두,100,181,19.5,6.5,8.5,0,340,0,0,0
1303,조리가공식품류,군만두 ,100,274,35.2,7,11.7,0,381,0,0,0
1304,조리가공식품류,김치만두 ,100,168,23,6.2,5.7,0,376,0,0,0
1305,조리가공식품류,물만두,100,131,15.6,5.6,5.1,0,239,0,0,0
1306,조리가공식품류,만둣국 ,100,62,6.8,3.1,2.5,0,338,0,0,0
1307,조리가공식품류,멸치풋고추볶음 ,100,264,17,23.3,11.2,0,1378,0,0,0
1308,조리가공식품류,무말랭이무침,100,136,28.5,3.3,1,0,1282,0,0,0
1309,조리가공식품류,물냉면,100,69,14.1,2,0.5,0,327,0,0,0
1310,조리가공식품류,김치볶음밥 ,100,151,24,4.6,4.1,0,358,0,0,0
1311,조리가공식품류,오므라이스 ,100,162,25,4.8,4.8,0,330,0,0,0
1312,조리가공식품류,비빔국수,100,113,20,3.4,2.1,0,337,0,0,0
1313,조리가공식품류,비빔냉면,100,114,22.3,3.6,1.1,0,303,0,0,0
1314,조리가공식품류,비빔밥,100,141,23,4,3.7,0,267,0,0,0
1315,조리가공식품류,고추장불고기 삼각김밥,100,166,34.1,3.7,1.6,0,343,0,0,0
1316,조리가공식품류,숯불갈비 삼각김밥,100,161,32.5,4,1.7,0,358,0,0,0
1317,조리가공식품류,참치마요네즈 삼각김밥,100,172,32,3.9,3.2,0,282,0,0,0
1318,조리가공식품류,삼계탕,100,92,4.1,11.5,3.3,0,131,0,0,0
1319,조리가공식품류,새우튀김 ,100,308,26.3,9,17.8,0,556,0,0,0
1320,조리가공식품류,치킨샐러드,100,120,8,24.1,1.7,0,276,0,0,0
1321,조리가공식품류,선짓국 ,100,42,1.4,6.4,1.2,0,315,0,0,0
1322,조리가공식품류,소고기육개장 ,100,49,3,3.1,2.7,0,408,0,0,0
1323,조리가공식품류,소머리국밥 ,100,79,2.2,9.5,3.6,0,103,0,0,0
1324,조리가공식품류,순대 ,100,185,19.5,6.5,8.5,0,340,0,0,0
1325,조리가공식품류,순대국,100,67,2.2,5.4,4.1,0,188,0,0,0
1326,조리가공식품류,순두부찌개,100,50,1.9,3.6,3.1,0,338,0,0,0
1327,조리가공식품류,스파게티,280,1010.8,202.16,36.4,6.16,0,0,0,0,0
1328,조리가공식품류,아귀찜,400,320,22.4,42.8,5.2,0,1240,0,0,0
1329,조리가공식품류,알밥 ,100,155,29.2,3.6,2.6,0,335,0,0,0
1330,조리가공식품류,알탕,100,61,1.6,9.5,1.8,0,377,0,0,0
1331,조리가공식품류,양념장어구이,100,289,5.9,20.5,20.4,0,470,0,0,0
1332,조리가공식품류,어묵국,100,44,5.7,3.1,0.8,0,344,0,0,0
1333,조리가공식품류,연근조림,100,261,60.2,2.1,1.3,0,668,0,0,0
1334,조리가공식품류,연잎밥,100,207,47,4,0.3,0,178,0,0,0
1335,조리가공식품류,열무냉면 ,100,66,12.2,2.6,0.7,0,394,0,0,0
1336,조리가공식품류,오징어채볶음 ,100,287,41.4,18.6,4.2,0,1161,0,0,0
1337,조리가공식품류,오징어튀김 ,100,313,24.3,11.9,18.1,0,360,0,0,0
1338,조리가공식품류,유부초밥,100,165,31.26,4.32,2.51,2.11,255,0,0.45,0
1339,조리가공식품류,육회,100,153,9.4,14.9,6.2,0,299,0,0,0
1340,조리가공식품류,북어국,100,325,45,30,2.5,0,6000,0,0,0
1341,조리가공식품류,미역국 ,100,323,63.2,9.4,3.6,0,6516,0,0,0
1342,조리가공식품류,잔멸치볶음 ,100,345,26.2,31,12.6,0,1896,0,0,0
1343,조리가공식품류,잡채밥,100,136,24.5,3,2.9,0,294,0,0,0
1344,조리가공식품류,잡탕밥,100,104,14,5.9,2.7,0,281,0,0,0
1345,조리가공식품류,게살죽,100,71,13.4,2.2,0.9,0,182,0,0,0
1346,조리가공식품류,깨죽,100,64,9.9,1.7,2,0,145,0,0,0
1347,조리가공식품류,소고기버섯죽,100,72,13.6,2.3,0.9,0,158,0,0,0
1348,조리가공식품류,전복죽 ,100,74,14.3,1.6,1.2,0,164,0,0,0
1349,조리가공식품류,팥죽 ,100,83,16.3,3.1,0.6,0,171,0,0,0
1350,조리가공식품류,호박죽 ,100,74,14.9,1.2,1.1,0,155,0,0,0
1351,조리가공식품류,짜장면,100,122,20.6,3,3.1,0,368,0,0,0
1352,조리가공식품류,짜장밥,100,149,24,3,4.5,0,312,0,0,0
1353,조리가공식품류,짬뽕 ,100,69,10.1,2.8,1.9,0,400,0,0,0
1354,조리가공식품류,쫄면,100,133,24.3,4.1,2.2,0,299,0,0,0
1355,조리가공식품류,채소튀김,100,321,37.6,3.6,17.3,0,279,0,0,0
1356,조리가공식품류,청국장찌개,100,68,2.6,5.6,3.9,0,449,0,0,0
1357,조리가공식품류,광어초밥,100,151,25.8,9,1.3,0,270,0,0,0
1358,조리가공식품류,모듬초밥 ,100,154,25.5,8.5,2,0,323,0,0,0
1359,조리가공식품류,추어탕 ,100,49,2.9,3.5,2.6,0,292,0,0,0
1360,조리가공식품류,치킨 너겟,100,280,9.3,18.7,18.7,0,613,0,0,0
1361,조리가공식품류,치킨 버팔로윙,100,204,7.2,22.1,9.6,0,703,0,0,0
1362,조리가공식품류,치킨 텐더 ,100,288,14.5,17.7,17.7,0,758,0,0,0
1363,조리가공식품류,치킨 핫윙 ,100,359,14.8,20,24.4,0,911,0,0,0
1364,조리가공식품류,카레라이스,100,134,25.2,2.7,2.5,0,218,0,0,0
1365,조리가공식품류,콩국수,100,83,14,3.9,1.3,0,118,0,0,0
1366,조리가공식품류,"콩나물해장국, ",100,32,1.7,3.4,1.3,0,279,0,0,0
1367,조리가공식품류,탕수육 ,100,228,25.9,8.7,10,0,221,0,0,0
1368,조리가공식품류,팔보채리 ,100,81,3.8,8.5,3.5,0,376,0,0,0
1369,조리가공식품류,고기 채소 피자 ,150,412.5,37.65,16.95,21.6,0,832.5,0,0,0
1370,조리가공식품류,피자 ,150,213,38.85,6.15,3.6,0,0,0,0,0
1371,조리가공식품류,피자 치즈,150,402,43.5,15.6,18.45,0,670.5,0,0,0
1372,조리가공식품류,치킨슈프림 피자 ,100,250,29.6,11.9,9.3,0,483,0,0,0
1373,조리가공식품류,새우 필라프,100,175,28.2,4.5,4.9,0,349,0,0,0
1374,조리가공식품류,햄 필라프 ,100,247,15.9,3.4,18.9,0,0,0,0,0
1375,조리가공식품류,해물칼국수,100,70,13.8,2.5,0.5,0,262,0,0,0
1376,조리가공식품류,회냉면,100,114,22.2,3.2,1.4,0,276,0,0,0
